node_id,lat,lon
345351408,16.0410517,108.248853
345351431,16.0216061,108.2579103
345351507,15.9962979,108.2677156
345362354,16.0043688,108.2662507
345362378,16.0032273,108.2650165
345362388,16.002688,108.2642811
345362457,16.002671,108.2597011
345362486,16.0381001,108.2429773
420248261,16.0779172,108.1734964
420248330,16.066124,108.202062
420248349,16.0664337,108.2068999
420248362,16.0718162,108.2242481
420248378,16.0724142,108.1946967
420248398,16.0734039,108.2237718
420248430,16.0724838,108.1969562
420248433,16.0727319,108.1988438
420248485,16.0547006,108.2120177
420248486,16.0558422,108.2126952
420248503,16.0142345,108.2055884
420248523,16.0589278,108.2095513
420248538,16.0710765,108.2012019
420248564,16.05404,108.2190154
420248569,16.053745,108.2190345
420248571,16.0525907,108.2090091
420248577,16.0709564,108.2094252
420248578,16.0678195,108.2249275
420248580,16.0680049,108.2238427
420248581,16.0681759,108.2226917
420248588,16.0682456,108.2203052
420248590,16.0749505,108.2206305
420248596,16.0756468,108.2242765
420248597,16.0744106,108.2180247
420248610,16.0621934,108.2176668
420248612,16.0626944,108.2159202
420248635,16.0637491,108.2241203
420248640,16.0642126,108.218639
420248644,16.0640875,108.2206625
420248648,16.0701817,108.2250954
420248652,16.0703693,108.2228564
420248686,16.0713375,108.1856745
420248714,16.0713596,108.1882278
420248720,16.0675439,108.1821647
420248763,16.0597313,108.2094218
420248766,16.0712198,108.1916226
420248767,16.0649061,108.2235053
420248771,16.065202,108.220731
420248773,16.0652649,108.22004
420248778,16.0662225,108.2224943
420248786,16.06162,108.2196692
420248788,16.0641572,108.2199086
420248791,16.0629783,108.2197887
420248797,16.0694724,108.2054
420248803,16.069772,108.2056553
420248807,16.0687403,108.2049891
420248815,16.0726356,108.2202313
420248816,16.072376,108.21842
420248831,16.06533,108.2194632
420248835,16.0672346,108.2140622
420248841,16.0631176,108.2179618
420248842,16.0676015,108.2158467
420248843,16.064851,108.2165056
420248846,16.0624083,108.21687
420248849,16.0662207,108.2200801
420248855,16.0659938,108.2200814
420248863,16.0705735,108.2205082
420248873,16.0650339,108.2223715
420248874,16.0639276,108.2222463
420248876,16.0715903,108.2227092
420248911,16.0597421,108.2235844
420248918,16.0735051,108.2089356
420248970,16.0686157,108.224976
420248971,16.0683406,108.2192017
420248975,16.0686197,108.2203423
420248990,16.0457227,108.2100352
420248996,16.0561403,108.2171655
420248999,16.0525098,108.217712
420249004,16.0510679,108.2160708
420249005,16.0665413,108.2103234
420249012,16.0498347,108.2146623
420249020,16.0785569,108.2193931
420249022,16.077236,108.2195851
420249023,16.0747855,108.2199381
420249030,16.063829,108.2234071
420249033,16.0598717,108.2111398
420249038,16.0703939,108.2240502
420249042,16.0702593,108.224054
420249058,16.0686002,108.2227472
420249060,16.0686129,108.223924
420249078,16.0544622,108.2118688
420249080,16.0524421,108.2104718
420249081,16.0591525,108.2112331
420249116,16.060856,108.1852853
420249128,16.0648978,108.2241443
420249139,16.0713871,108.2204036
420249144,16.0702168,108.2134997
420249146,16.0694427,108.2097436
420249151,16.0709197,108.2169294
420249198,16.0661831,108.2076974
420249234,16.077702,108.223221
420249236,16.0755139,108.223496
420249254,16.0728356,108.2288675
420249257,16.080354,108.210868
420249262,16.0711398,108.2186419
420249316,16.0833729,108.2130481
420249329,16.0874145,108.2151973
420249402,16.081158,108.2189748
420249414,16.0735586,108.2139364
420249416,16.0722113,108.2130547
420249421,16.0755362,108.2152742
420249430,16.057108,108.2356332
420249446,16.0816672,108.2233359
420249470,16.0587275,108.2306032
420249472,16.065797,108.2296824
420249474,16.0641521,108.2300302
420249477,16.0686494,108.2289167
420249482,16.056805,108.2323222
420249495,16.0769673,108.2175846
420249499,16.0795912,108.2214845
420249504,16.0782623,108.2170245
420249506,16.0808895,108.2212988
420249513,16.0775009,108.2217431
420249516,16.0788289,108.2215792
420249521,16.0716876,108.2131726
420249525,16.0733496,108.2128563
420249529,16.0775836,108.2119996
420249531,16.0761755,108.2122667
420249533,16.0784557,108.2118073
420249539,16.0804234,108.2184866
420249550,16.0790974,108.2238436
420249554,16.0790102,108.2230369
420249558,16.0786468,108.2201158
420249562,16.0773261,108.2203161
420249563,16.0704792,108.2212181
420249565,16.0714631,108.2210956
420249566,16.0682107,108.2210294
420249568,16.0686128,108.2210563
420265991,16.0382459,108.2428984
420266043,16.0098305,108.2574498
420266227,15.9767655,108.2546317
471537395,16.0724934,108.2294241
1007923338,16.0703989,108.245074
1007923341,16.0670355,108.2451921
1036552100,16.0755912,108.245024
1036552133,15.9808883,108.2758606
1036552159,16.087751,108.2152739
1036552165,16.0918105,108.2508758
1036552199,16.0875076,108.2148772
1036552204,16.1028851,108.2367965
1036552239,15.9729064,108.2807853
1036552269,16.073723,108.2449807
1036552316,16.1057914,108.2466201
1036552368,16.0874515,108.2487584
1036552405,16.1006243,108.2561247
1036552407,15.9683031,108.2839971
1036552462,16.0990568,108.2282736
1036552555,16.0737346,108.2452339
1036552636,16.0670423,108.2454373
1036552712,16.1069424,108.2521602
1036552727,16.0433802,108.2479086
1036552738,16.0884625,108.2151298
1036552763,16.0877251,108.2148795
1036552773,16.1029627,108.2367724
1038395039,16.0383271,108.2430584
1261738019,16.0236231,108.2162172
1261738090,16.0207235,108.2107701
1261738236,16.0439972,108.2099504
1261835367,16.0319402,108.224213
1261835373,16.0172731,108.2057713
1264874386,16.0304575,108.2087238
1333246008,16.0421105,108.2109785
1333246012,16.0246858,108.2089528
1333246014,16.0405171,108.2127549
1333246016,16.0353912,108.2113718
1333246019,16.0404093,108.2117664
1333246023,16.0441532,108.2112968
1333246026,16.0313826,108.2086084
1333246027,16.0421924,108.2115412
1333246028,16.0245326,108.2089981
1333246052,16.0419023,108.2130349
1333246053,16.0423175,108.2124764
1333246054,16.0316028,108.2111363
1333246055,16.041705,108.2116079
1333246057,16.0252075,108.2107513
1333246060,16.0404654,108.2122811
1333246064,16.041968,108.2135326
1333246066,16.0407896,108.2111494
1333246081,16.0408448,108.2116995
1333246087,16.032427,108.2186834
1333246089,16.0380008,108.2119568
1333246090,16.0248784,108.2099645
1333246092,16.0406188,108.2136884
1333246096,16.0417662,108.2120946
1333246102,16.0261067,108.2123596
1333246104,16.0418302,108.212555
1333246111,16.0428907,108.2114671
1333246113,16.0417109,108.2223848
1333246117,16.0406453,108.2218083
1333246121,16.0444035,108.2132515
1333246122,16.0405675,108.2132174
1333246124,16.0429968,108.212365
1333246126,16.0358724,108.2114843
1333246130,16.0255593,108.2113755
1333246135,16.0431392,108.2133974
1333246155,16.0364509,108.2116382
1333246160,16.0335305,108.210899
1333246162,16.0271468,108.2141975
1333246172,16.0440887,108.2107339
1333248478,16.0320948,108.2095301
1333248480,16.0337518,108.2099174
1333256838,16.0316401,108.212918
1333256851,16.0336635,108.2122289
1333256852,16.0334473,108.2214678
1333256853,16.0345237,108.2199514
1333256854,16.0324647,108.2128166
1333256855,16.0333246,108.2205637
1333256856,16.0339316,108.2145436
1333256857,16.0328229,108.2160267
1333256858,16.0337176,108.2126983
1333256866,16.0340759,108.2158821
1333256867,16.0326659,108.2146992
1333256868,16.0339912,108.2150624
1333256870,16.0343518,108.2184543
1333256871,16.034816,108.2224845
1333256873,16.0329556,108.2173519
1333256881,16.0330976,108.2186045
1333256882,16.0343028,108.2179742
1333256883,16.0322557,108.2110292
1333258669,16.0328935,108.2227534
1333258672,16.0358741,108.2142923
1333258674,16.040569,108.2209468
1333258675,16.0375481,108.2221242
1333258676,16.0392536,108.2157207
1333258678,16.0366653,108.2181926
1333258679,16.0390334,108.2138536
1333258680,16.0399149,108.2210441
1333258682,16.0388296,108.211945
1333258683,16.0394956,108.2178737
1333258684,16.0370833,108.2198753
1333279681,16.0288688,108.2258238
1333279717,16.0296623,108.2280368
1333279736,16.0327792,108.2227676
1333279756,16.0292622,108.2268965
1333279768,16.0299926,108.2297849
1333279776,16.0303547,108.2227026
1333279783,16.0272338,108.2218069
1333279804,16.0298908,108.229128
1333279813,16.0304159,108.232255
1333279816,16.0324625,108.2227884
1333279829,16.0286972,108.2221954
1333279835,16.0181237,108.2123699
1333279837,16.0329187,108.2336443
1333279840,16.0200004,108.2167605
1333279843,16.0353645,108.2341999
1333279849,16.0301066,108.23043
1333287963,16.014876,108.2001644
1333295290,16.0147096,108.1955687
1333303381,16.0604292,108.2238119
1333303393,16.0202002,108.206881
1333303395,16.0209382,108.2085527
1333303398,16.0659085,108.218455
1333303403,16.0679802,108.2176106
1333303420,16.0721689,108.2166379
1333303422,16.0076299,108.1991312
1333303425,16.0112371,108.1967459
1333303427,16.071747,108.2250346
1333303430,16.0218518,108.2102334
1333303445,16.008348,108.1983749
1333303459,16.0117951,108.1983732
1333303476,16.006937,108.1999043
1333303479,16.0214422,108.2065043
1333303481,16.0815635,108.2227064
1333303483,16.070542,108.2151033
1333303488,16.0533153,108.2220447
1333303507,16.0185117,108.2075265
1333303510,16.0666743,108.2179048
1333303513,16.0654627,108.2145711
1333303515,16.0213147,108.209352
1333303519,16.0149059,108.2005693
1333311044,16.0768881,108.2160985
1333311046,16.0792283,108.2128699
1333311050,16.08236,108.2131058
1333311052,16.0854213,108.2150564
1333311053,16.0777943,108.2239917
1333311063,16.0806127,108.2236839
1333311073,16.0870689,108.2159899
1333311079,16.0804923,108.2228507
1333311082,16.0811227,108.2141101
1333311083,16.0814796,108.2133546
1333311086,16.0812531,108.2137321
1333311090,16.0802943,108.2213888
1333311093,16.0873945,108.2151437
1333311097,16.0816887,108.2129154
1333311109,16.0800242,108.2192319
1333311110,16.0790682,108.2117099
1333311116,16.0821642,108.2136835
1333311117,16.0796276,108.211581
1333311119,16.078662,108.2120094
1333313931,16.0726427,108.2095182
1333313936,16.0759711,108.2073876
1333313937,16.0755941,108.2077518
1333315252,16.0802124,108.2155305
1333315254,16.078638,108.2136122
1333315257,16.0699466,108.2188711
1333315259,16.0813763,108.2212438
1333315260,16.0778624,108.2146876
1333315262,16.0787906,108.2148779
1333315264,16.0803384,108.2154566
1333315265,16.0695777,108.2172743
1333315266,16.0810132,108.2175637
1333315273,16.0791708,108.2149716
1333315274,16.0824208,108.2167502
1333315275,16.0789946,108.2149183
1333315278,16.0817765,108.2163573
1333315280,16.0703181,108.2205107
1333318779,16.081846,108.219588
1333318789,16.0828569,108.2223564
1333318798,16.082582,108.2223784
1333318809,16.0797189,108.2164132
1333318810,16.082839,108.2222064
1333318824,16.082199,108.2201921
1333318825,16.0826962,108.2221406
1333318827,16.0798644,108.2168558
1333318838,16.0826064,108.2221858
1333328829,16.0859697,108.2182049
1333328839,16.0853946,108.2194588
1333328844,16.0884323,108.2171155
1333328845,16.0864111,108.2199175
1333328849,16.0885041,108.2186693
1333328851,16.0891508,108.2170688
1333328852,16.0870656,108.22007
1333328862,16.0881644,108.2188562
1333328865,16.0865906,108.2185168
1333328866,16.0887725,108.2170944
1333328868,16.0902362,108.2170365
1333328869,16.0880933,108.2171279
1333328874,16.086614,108.2169124
1333328879,16.0895099,108.2170576
1333328881,16.0870082,108.2187307
1333328882,16.0859699,108.2197471
1333328887,16.0875097,108.21763
1333333028,16.060801,108.2109988
1333333030,16.0625339,108.2117109
1333333032,16.0601218,108.2120652
1333333047,16.0624218,108.2107619
1333333049,16.0609301,108.2119564
1333341429,16.066175,108.2156035
1333341466,16.0648782,108.2170886
1333341472,16.0608289,108.2168739
1333341473,16.0641445,108.2166081
1333341502,16.0669585,108.2159916
1333341510,16.0647791,108.2149315
1333341532,16.0664224,108.2167074
1333341533,16.0609034,108.2169741
1333341536,16.067075,108.2165463
1333341539,16.0655443,108.215776
1333341541,16.0673173,108.2177462
1333341575,16.064816,108.2159486
1333341577,16.0662988,108.2161644
1333344679,16.063519,108.2116067
1333344691,16.0629244,108.2106717
1333344696,16.0627509,108.2092919
1333344701,16.0624862,108.2089397
1333344722,16.0679676,108.2123705
1333344728,16.0663081,108.2090283
1333344731,16.0682634,108.213866
1333344746,16.0644407,108.2105005
1333344750,16.0645491,108.2112
1333344761,16.0641693,108.209142
1333351561,16.0747456,108.2055773
1333351608,16.0721273,108.2068642
1333351617,16.0727646,108.2012211
1333361872,16.0591453,108.2156853
1333361878,16.0573721,108.2123101
1333361884,16.0644467,108.2136759
1333361885,16.0564882,108.2171333
1333361888,16.0645731,108.2113355
1333361917,16.0715649,108.2125068
1333361922,16.0580437,108.2123765
1333361923,16.064093,108.2143123
1333361924,16.0571235,108.2115441
1333361925,16.0648769,108.2104376
1333361928,16.0628296,108.2137702
1333361935,16.0640633,108.2136911
1333361940,16.0637195,108.2142376
1333361942,16.058819,108.2122722
1333361946,16.0628034,108.2140891
1333361947,16.0562892,108.207257
1333361959,16.0527215,108.210082
1333361960,16.0579292,108.2114082
1333361965,16.0636784,108.2133627
1333361971,16.0564556,108.2083053
1333361988,16.0649668,108.2112175
1333361989,16.0644695,108.2143774
1333361993,16.0586987,108.2112993
1333362008,16.0636977,108.2137019
1333363229,16.0700577,108.2059333
1333368235,16.067158,108.2050302
1333368241,16.0670328,108.203461
1333368243,16.0665901,108.2017336
1333368244,16.0659652,108.2035491
1333372794,16.068176,108.1933546
1333372804,16.0684058,108.2015381
1333372812,16.0715086,108.187227
1333372816,16.0695587,108.1917824
1333372819,16.0681919,108.1985726
1333372834,16.0695254,108.1846938
1333372837,16.0678827,108.1920316
1333372839,16.070104,108.1873673
1333379813,16.0674889,108.2202485
1333379815,16.0661251,108.2236515
1333379817,16.0674515,108.2209582
1333379818,16.0569413,108.2171158
1333379821,16.0663599,108.2208736
1333379833,16.0673294,108.2248996
1333379836,16.0663547,108.2201165
1333379846,16.0619395,108.2185002
1333379851,16.0660171,108.2245523
1333379867,16.0551062,108.2188556
1333379870,16.0673684,108.2237777
1333379873,16.056989,108.2180774
1333379875,16.0673864,108.22259
1333379878,16.0570586,108.2188606
1333394780,16.0611073,108.2215046
1333394782,16.0580042,108.2120952
1333394784,16.0410575,108.2177122
1333394786,16.062606,108.223295
1333394789,16.0606623,108.2110204
1333394792,16.0564216,108.2221672
1333394794,16.0578584,108.2108889
1333394797,16.0604112,108.2093669
1333394815,16.0587562,108.2117224
1333394818,16.0576893,108.2098537
1333394820,16.05797,108.2118309
1333394822,16.056526,108.2202226
1333394824,16.0414014,108.2208669
1333394826,16.0540237,108.2209868
1333394852,16.0627371,108.2219559
1333394854,16.0587858,108.2119843
1333394855,16.0540261,108.2202302
1333394858,16.0566982,108.2100687
1333394861,16.056466,108.221383
1333394864,16.0586214,108.2107977
1333698576,16.0579695,108.2387248
1333698579,16.0736715,108.2436122
1333698581,16.0837809,108.2215895
1333698586,16.0739023,108.2200593
1333698587,16.0702044,108.2450827
1333698589,16.0636936,108.2383019
1333698604,16.0967589,108.245312
1333698605,16.0837708,108.2194899
1333698606,16.0637679,108.2326482
1333698627,16.0751102,108.2165958
1333698631,16.0585478,108.2407416
1333698632,16.0663727,108.2370314
1333698636,16.0548515,108.2413668
1333698646,16.075104,108.2062224
1333698647,16.0800724,108.2325275
1333698648,16.0808036,108.2146712
1333698651,16.0810762,108.2190783
1333698655,16.0659699,108.2302742
1333698657,16.0688335,108.2431385
1333698660,16.0728578,108.2314403
1333698662,16.0730556,108.2430004
1333698664,16.0536737,108.2368126
1333698666,16.0852402,108.217846
1333698667,16.0641146,108.2325071
1333698671,16.0704017,108.2430755
1333698673,16.0655555,108.2398088
1333698677,16.071683,108.2442994
1333698682,16.067131,108.2345674
1333698683,16.0763218,108.2197132
1333698684,16.0807383,108.2436621
1333698688,16.0754561,108.2410177
1333698695,16.0803133,108.2448562
1333698699,16.0648759,108.2322479
1333698703,16.0716223,108.2430472
1333698705,16.0771733,108.2087543
1333698710,16.0735503,108.2398184
1333698713,16.0832216,108.2219998
1333698716,16.0652312,108.231317
1333698720,16.0686849,108.2388026
1333698722,16.0693176,108.2353999
1333698725,16.0717122,108.2450249
1333698735,16.0774177,108.242843
1333698736,16.0554864,108.23831
1333698738,16.0899518,108.2423224
1333698747,16.0532655,108.236987
1333698752,16.0966906,108.2454271
1333698755,16.0752395,108.2178613
1333698759,16.054551,108.2403187
1333698765,16.0536682,108.236618
1333698767,16.0672779,108.243184
1333698771,16.0562136,108.2408133
1333698772,16.0663998,108.2316903
1333698778,16.0759404,108.2166949
1333698780,16.0701569,108.237849
1333698781,16.0612895,108.2329901
1333698783,16.0573192,108.236435
1333698786,16.0867331,108.2408516
1333698787,16.0830138,108.2219535
1333698788,16.083173,108.2170416
1333698790,16.0677103,108.232596
1333698791,16.0755069,108.2198211
1333698794,16.0735162,108.2182382
1333698799,16.0549577,108.2364358
1333698802,16.0634672,108.2316532
1333698804,16.0861896,108.2164521
1333698806,16.0672575,108.2400079
1333698807,16.0826109,108.2160894
1333698809,16.0643586,108.2305958
1333698811,16.0722248,108.2442985
1333698812,16.0807547,108.2324657
1333698813,16.0591874,108.2400586
1333698815,16.0715487,108.2403051
1333698816,16.0760758,108.2177219
1333698817,16.0563807,108.2414241
1333698818,16.0792803,108.2430866
1333698820,16.0655855,108.2324027
1333698822,16.0721922,108.2430299
1333698828,16.0649846,108.2326223
1333698831,16.0709969,108.2430687
1333698835,16.0567011,108.2425105
1333698836,16.0735632,108.2402422
1333698842,16.0653379,108.2404806
1333698848,16.0690147,108.2352154
1333698855,16.0638501,108.2315865
1333698860,16.0654544,108.2320391
1333698861,16.0576519,108.2376211
1333698866,16.0656303,108.2395504
1333698872,16.073589,108.2410791
1333698877,16.0797311,108.2464192
1333698885,16.0715623,108.2411505
1333698886,16.0559507,108.2398824
1333698894,16.041976,108.2412054
1333698895,16.0862734,108.2167252
1333698897,16.0838762,108.2179741
1333698903,16.0700809,108.2430878
1333698904,16.0814746,108.2156722
1333698910,16.0827808,108.2201183
1333698915,16.0631801,108.2354082
1333698916,16.0703534,108.2378769
1333698917,16.0679084,108.2322016
1333698918,16.0556153,108.2387656
1333698920,16.0687308,108.239985
1333698923,16.0607133,108.2385134
1333698926,16.0850509,108.2201779
1333698927,16.0538552,108.2378398
1333698928,16.0867709,108.2165937
1333698930,16.0819345,108.215786
1333698932,16.0649821,108.2305109
1333698937,16.0613557,108.2397914
1333698946,16.0660199,108.2322334
1333698949,16.0721329,108.2411282
1333698951,16.0644986,108.243255
1333698960,16.0709658,108.2411467
1333698967,16.0565294,108.2419554
1333698970,16.0688871,108.2375655
1333698972,16.0680798,108.2324884
1333698973,16.0855654,108.218019
1333698978,16.0701669,108.2358777
1333698980,16.0702693,108.2411583
1333698984,16.0835324,108.2335728
1333698985,16.0553467,108.237798
1333698992,16.0702158,108.2453335
1333698994,16.0577811,108.2380916
1333698995,16.0722147,108.2436805
1333699004,16.0575115,108.2371314
1333699005,16.0729694,108.2410907
1333699009,16.0646321,108.2314756
1333699010,16.0775181,108.2454483
1333699017,16.0725302,108.2306073
1333699018,16.0715311,108.2397059
1333699029,16.0860272,108.2399585
1333699034,16.0804989,108.2320733
1333699040,16.0823202,108.2169279
1333699042,16.0630028,108.2346602
1333699044,16.0736511,108.2429858
1333699049,16.0558059,108.2394047
1333699051,16.0687677,108.2412483
1333699065,16.0783442,108.2457343
1333699068,16.0795154,108.2108993
1333699069,16.0841777,108.2196867
1333699070,16.0586999,108.241294
1333699071,16.0979997,108.2458708
1333699072,16.0638721,108.2329652
1333699073,16.0553057,108.242927
1333699078,16.0833419,108.2165173
1333699085,16.0676598,108.2323377
1333699086,16.0799805,108.2457751
1333699091,16.0720064,108.2288908
1333699097,16.0581073,108.2392177
1333699105,16.0647803,108.2365245
1333699119,16.0389423,108.2427314
1333699120,16.0583956,108.2401646
1333699136,16.0817147,108.2152101
1333699137,16.0715378,108.2398811
1333699144,16.0622211,108.233543
1333699147,16.0934352,108.2438509
1333699148,16.0697332,108.2356292
1333699152,16.0899161,108.2424104
1333699160,16.0683379,108.2323307
1333699161,16.0736852,108.2442364
1333699165,16.0650885,108.2412762
1333699166,16.0782356,108.2428146
1333699167,16.0739256,108.2306026
1333699168,16.0628453,108.2340525
1333699171,16.076865,108.2409761
1333699173,16.0754954,108.2114255
1333699174,16.0672425,108.2412945
1333699178,16.0661877,108.2309991
1333699180,16.0774701,108.2442596
1333699192,16.0729448,108.2402646
1333699197,16.0651504,108.2331956
1333699205,16.0551467,108.2371156
1333699206,16.0826438,108.2343564
1333699207,16.0778504,108.2321377
1333730071,16.0740593,108.2410614
1333730079,16.0797779,108.2328641
1333730081,16.0745081,108.2410474
1333730085,16.0704239,108.2340184
1333730088,16.0754391,108.2401854
1333730095,16.0846861,108.2346808
1333730096,16.088203,108.2354646
1333730104,16.0690556,108.2359957
1333730110,16.0791825,108.2295559
1333730111,16.0879364,108.2357675
1333730119,16.0739205,108.2311151
1333730120,16.088433,108.2297067
1333730122,16.0592951,108.2386895
1333730130,16.0744881,108.240229
1333730133,16.0808589,108.2295667
1333730135,16.0813786,108.2324984
1333730142,16.07609,108.2370743
1333730148,16.0525623,108.2345958
1333730151,16.0580542,108.2390318
1333730152,16.0828948,108.2328493
1333730155,16.0641917,108.2336661
1333730156,16.0871662,108.2386941
1333730158,16.054798,108.2353431
1333730161,16.0592718,108.2385118
1333730162,16.0794408,108.2312104
1333730168,16.0891357,108.2390159
1333730171,16.0675908,108.2400033
1333730172,16.079196,108.2322622
1333730176,16.0581969,108.2361718
1333730177,16.0735709,108.2406553
1333730178,16.0799284,108.2295597
1333730179,16.0810729,108.232782
1333730187,16.0885366,108.2357855
1333730195,16.0864216,108.2374442
1333730197,16.0906919,108.2387033
1333730200,16.0857437,108.2356981
1333730204,16.0586048,108.2360508
1333730210,16.0898578,108.2397271
1333730215,16.0770025,108.2340667
1333730220,16.0532049,108.2328786
1333730221,16.0856157,108.2372166
1333730225,16.043265,108.2363643
1333730228,16.0857829,108.2350646
1333730233,16.0816687,108.237438
1333730234,16.0745597,108.242299
1333730236,16.0718123,108.2363353
1333730240,16.0787708,108.2308172
1333730241,16.0879419,108.2378384
1333730246,16.084607,108.2369562
1333730250,16.0856651,108.2335828
1333730253,16.0754897,108.2422669
1333730254,16.0810792,108.2299753
1333730256,16.0822649,108.2339742
1333730257,16.0861623,108.2377353
1333730258,16.0695598,108.2327074
1333730263,16.0864455,108.2288398
1333730271,16.0447208,108.239651
1333730276,16.0855438,108.2348265
1333730278,16.0810753,108.2295684
1333730279,16.0846814,108.2362888
1333730283,16.0737197,108.2322187
1333730287,16.0770928,108.2338526
1333730288,16.0535706,108.2355524
1333730289,16.0858722,108.2369257
1333730295,16.0843106,108.2372913
1333730296,16.0804263,108.2328147
1333730298,16.0850211,108.2343058
1333730307,16.0802357,108.2315453
1333730308,16.0799288,108.2292256
1333730310,16.0862195,108.2341284
1333730311,16.0814265,108.2311954
1333730313,16.0740953,108.2423135
1333730315,16.0854603,108.2354279
1333730316,16.0816571,108.2322373
1333730320,16.068756,108.2335998
1333730323,16.0835616,108.235893
1333730324,16.0733299,108.2320682
1333730328,16.0705959,108.2335798
1333730332,16.0911044,108.2368468
1333730333,16.0888688,108.2361051
1333730337,16.0768357,108.2401346
1333730347,16.0855181,108.2384481
1333730350,16.0754185,108.2397176
1333730352,16.0820112,108.2288571
1333730360,16.0633998,108.2407308
1333730363,16.083171,108.2331718
1333730364,16.0729586,108.24067
1333730368,16.0754257,108.2323914
1333730369,16.0864387,108.2296898
1333730374,16.0744965,108.2406087
1333730377,16.0917932,108.2374814
1333730381,16.0736251,108.2423236
1333730385,16.0899243,108.2356287
1333730393,16.0682424,108.237453
1333730399,16.0819453,108.2336601
1333730401,16.0808531,108.2360203
1333730403,16.0787573,108.229981
1333730405,16.0707286,108.2331932
1333730411,16.0578743,108.238394
1333730414,16.0820217,108.2370014
1333730425,16.0795316,108.2319188
1333730427,16.0832481,108.2362427
1333730432,16.0865395,108.2326466
1333730436,16.0890825,108.2344963
1333730437,16.0692199,108.2335184
1333730448,16.0885901,108.2364032
1333730452,16.0839291,108.2332224
1333730454,16.0755173,108.2429133
1333730455,16.0838552,108.2378013
1333730457,16.0856019,108.2317176
1333730461,16.0811118,108.2308197
1333730463,16.0915634,108.2414388
1333730465,16.0429725,108.2481149
1333730473,16.0534254,108.234453
1333730479,16.0817203,108.2315354
1333730481,16.0697911,108.2343071
1333730486,16.0754483,108.2405806
1333730500,16.0799265,108.2308249
1333730521,16.0570279,108.2350082
1333730522,16.0812438,108.2343013
1333730526,16.0804905,108.2364494
1333730528,16.0799244,108.2299782
1333730529,16.0729959,108.2328569
1333730536,16.0756243,108.2319079
1333730537,16.0852943,108.2345779
1333730538,16.0596863,108.2387265
1333730547,16.0819276,108.2349932
1333730554,16.0751991,108.2329147
1333730562,16.0824876,108.2314527
1333730569,16.0815727,108.2339907
1333730572,16.0592213,108.2381449
1333730573,16.0806666,108.2312318
1333730583,16.0849573,108.2365633
1333730589,16.0825073,108.2331858
1333730592,16.0690389,108.2339152
1333730596,16.0744766,108.2397818
1333730597,16.0822713,108.2346843
1333730598,16.0893484,108.2348767
1333730602,16.0545499,108.23356
1333730610,16.0889285,108.2367403
1333730611,16.0892929,108.2356354
1333730615,16.0715558,108.2407123
1333730616,16.0838924,108.2355269
1333730621,16.0599308,108.2356596
1333730628,16.0448147,108.2473101
1333730632,16.0660609,108.2342042
1333730635,16.0652937,108.2406034
1333730636,16.0861004,108.2366707
1333730642,16.0800998,108.2331535
1333730645,16.0694141,108.2330649
1333730647,16.0766319,108.2329889
1333730648,16.0859511,108.2338743
1333730651,16.0787528,108.22956
1333730655,16.0683415,108.2349609
1333730664,16.0874111,108.2384132
1333730665,16.0869566,108.2368443
1333730671,16.0876269,108.2381756
1333730676,16.0820259,108.2318864
1333730678,16.0787554,108.2288544
1333730680,16.0850552,108.2366511
1333730700,16.0739207,108.2317228
1333730705,16.0864427,108.2343457
1333730707,16.082191,108.2334513
1333730709,16.0692131,108.2325543
1333730712,16.0823826,108.2365722
1333730716,16.0891067,108.240557
1333730718,16.0597461,108.2350062
1333730724,16.0803305,108.2366384
1333730727,16.0874244,108.2347269
1333730732,16.0590328,108.2425658
1333730734,16.0849148,108.2295592
1333730738,16.0799195,108.2312225
1333730745,16.0523417,108.2330082
1333730746,16.0866443,108.2371987
1333762344,16.0652484,108.2424506
1333762346,16.091491,108.229745
1333762353,16.0506982,108.2404627
1333762367,16.066424,108.24178
1333762369,16.0935169,108.2469545
1333762372,16.0931287,108.2513554
1333762374,16.0910588,108.2358125
1333762379,16.092333,108.2321771
1333762389,16.0676982,108.2422167
1333762391,16.1010252,108.2442425
1333762393,16.0904902,108.2410719
1333762395,16.0912687,108.2304229
1333762397,16.0918021,108.2365202
1333762400,16.0525554,108.2416699
1333762403,16.1050622,108.2551741
1333762404,16.0933926,108.2332032
1333762405,16.0591029,108.2433944
1333762413,16.0478116,108.2417731
1333762415,16.085613,108.2458508
1333762419,16.091881,108.2348882
1333762422,16.1072368,108.2578443
1333762428,16.0482815,108.2416445
1333762432,16.0852191,108.2435808
1333762434,16.0538667,108.2412616
1333762440,16.0939297,108.2426313
1333762442,16.0545176,108.2401845
1333762458,16.0613897,108.2428471
1333762465,16.0605391,108.2374981
1333762467,16.0769311,108.2434929
1333762469,16.0943922,108.2473279
1333762477,16.0929062,108.2484832
1333762479,16.0498559,108.2397841
1333762486,16.0472684,108.2437688
1333762487,16.0941768,108.2323346
1333762506,16.0923263,108.2352809
1333762510,16.0919536,108.2400158
1333762514,16.0526616,108.2397853
1333762524,16.0661077,108.2412987
1333762525,16.094586,108.2343636
1333762528,16.0480508,108.2343244
1333762544,16.0512871,108.2425678
1333762546,16.103679,108.2617531
1333762548,16.0517453,108.2414829
1333762550,16.0693566,108.2412391
1333762557,16.0926312,108.2340472
1333762559,16.0883787,108.2398629
1333762560,16.0957627,108.2330714
1333762562,16.105747,108.2601459
1333762564,16.0890707,108.2475444
1333762565,16.0531321,108.2414869
1333762566,16.0656145,108.2412898
1333762569,16.0937929,108.2343194
1333762571,16.0526968,108.2421516
1333762574,16.068264,108.2412632
1333762575,16.1045885,108.2590429
1333762576,16.1051999,108.2524321
1333762577,16.0480587,108.2426037
1333762579,16.0662204,108.2426588
1333762580,16.094684,108.2492361
1333762581,16.1034432,108.2576655
1333762588,16.0452389,108.2415618
1333762590,16.0882249,108.2388046
1333762592,16.0909057,108.2476027
1333762593,16.0857054,108.2447083
1333762594,16.068728,108.2397781
1333762598,16.1041351,108.2628709
1333762600,16.0479763,108.2423275
1333762601,16.0866331,108.2455484
1333762603,16.1037199,108.2630555
1333762605,16.0521421,108.2373481
1333762606,16.0487351,108.2432906
1333762612,16.0616048,108.2374883
1333762613,16.1003783,108.2539509
1333762614,16.0938103,108.2313063
1333762615,16.0893964,108.2444366
1333762617,16.1023894,108.2599764
1333762622,16.1051446,108.2587811
1333762624,16.0885038,108.2449803
1333762625,16.0888697,108.2411246
1333762626,16.0942174,108.249047
1333762627,16.0514668,108.240663
1333762629,16.0676848,108.241794
1333762632,16.0918036,108.2358678
1333762634,16.0916559,108.2291977
1333762638,16.064936,108.2417806
1333762639,16.1040714,108.2615783
1333762641,16.0863465,108.242592
1333762645,16.0930664,108.2344615
1333762646,16.0536045,108.2393622
1333762647,16.0928495,108.238415
1333762653,16.0930588,108.2335777
1333762660,16.1044844,108.2572047
1333762662,16.0700704,108.2411921
1333762664,16.0493419,108.2379733
1333762667,16.0871428,108.2441549
1333762669,16.1045522,108.2627033
1333762673,16.0532787,108.2419778
1333762675,16.0495299,108.2398961
1333762678,16.0930639,108.2351358
1333762685,16.0470367,108.2429287
1333762688,16.0868638,108.2464946
1333762689,16.0866026,108.2459217
1333762690,16.0582485,108.2396626
1333762691,16.0879599,108.23854
1333762694,16.0941511,108.2339251
1333762695,16.0517896,108.2388884
1333762702,16.0478875,108.2420417
1333762703,16.0877874,108.2392852
1333762704,16.0917339,108.2308695
1333762706,16.0876626,108.2472
1333762710,16.09449,108.2335402
1333762712,16.0838492,108.2442412
1333762717,16.0856452,108.2454404
1333762719,16.0916927,108.2315575
1333762720,16.0865245,108.2394099
1333762723,16.0937639,108.2430182
1333762726,16.106751,108.2526839
1333762727,16.0494,108.2381426
1333762728,16.0657152,108.2426052
1333762729,16.0910705,108.2309875
1333762730,16.0851388,108.2462841
1333762732,16.0466669,108.2415885
1333762734,16.1044609,108.2601479
1333762735,16.1056152,108.2515808
1333762736,16.0516538,108.2411249
1333762738,16.0667573,108.242661
1333762739,16.0622069,108.2331788
1333762740,16.0546398,108.2406207
1333762741,16.0884951,108.2390811
1333762742,16.0597301,108.2380867
1333762745,16.0476778,108.241306
1333762747,16.1015582,108.2473668
1333762748,16.0879281,108.2449288
1333762750,16.0856732,108.2451283
1333762751,16.0560245,108.2368319
1333762753,16.0612807,108.2424342
1333762756,16.0872435,108.2465842
1333762757,16.1053788,108.2622573
1333762759,16.0907343,108.2354881
1333762761,16.0486807,108.2356684
1333762775,16.0500983,108.2405948
1333762778,16.0850741,108.2468157
1333762780,16.0920355,108.2311726
1333762784,16.0948495,108.2475052
1333762787,16.052939,108.2406704
1333762799,16.0609015,108.2374273
1333762805,16.0612337,108.2384878
1333762810,16.0683235,108.2426283
1333762812,16.1063471,108.2533511
1333762824,16.0530506,108.2411087
1333762827,16.0877036,108.2406103
1333762829,16.0481519,108.2411749
1333762832,16.0496147,108.2402526
1333762833,16.0546805,108.2407603
1333762834,16.0597674,108.2384276
1333762835,16.086747,108.24701
1333762841,16.1049134,108.261181
1333762842,16.1017238,108.2477029
1333762843,16.0518427,108.2418895
1333762846,16.0513621,108.24025
1333762847,16.0985707,108.2409232
1333762848,16.0859294,108.240635
1333762850,16.0788737,108.2442935
1333762855,16.092007,108.241774
1333762858,16.0647746,108.242312
1333762860,16.0880659,108.2402002
1333762861,16.1059843,108.2635282
1333762862,16.0862293,108.2430584
1333762864,16.052458,108.2412723
1333762867,16.054749,108.2409886
1333762869,16.0497515,108.2406631
1333762870,16.0867621,108.244001
1333762872,16.0927081,108.2325312
1333762873,16.1067737,108.2580369
1333762876,16.0892943,108.2470063
1333762877,16.0453702,108.2419958
1333762878,16.103905,108.2574584
1333762879,16.1054265,108.252058
1333762881,16.092703,108.2489676
1333762884,16.0523612,108.2372757
1333762886,16.0672585,108.242665
1333762887,16.1040238,108.2603654
1333762888,16.1004273,108.2513776
1333762889,16.0921517,108.2303906
1333762890,16.10195,108.2474055
1333762891,16.0870822,108.2448297
1333762898,16.0760664,108.2443031
1333762899,16.1025041,108.2502867
1333762902,16.0930752,108.2328917
1333762904,16.0855797,108.2463631
1333762906,16.0916157,108.2337529
1333762908,16.0603,108.2431696
1333762909,16.083133,108.2462353
1333762911,16.088285,108.2381785
1333762912,16.0934772,108.2316836
1333762923,16.1046004,108.2519381
1333762927,16.0660142,108.2416137
1333762932,16.1063537,108.2615621
1333762934,16.0888201,108.2441911
1333762936,16.1051884,108.2603952
1333762939,16.0910497,108.2416142
1333762943,16.1048418,108.2553837
1333762945,16.1044651,108.2613983
1333762946,16.0915618,108.234577
1333762947,16.0527901,108.2402312
1333762948,16.0862417,108.2447569
1333762952,16.09524,108.2394904
1333762953,16.085334,108.2426536
1333762955,16.0540077,108.2417449
1333762958,16.0901971,108.2417282
1333762959,16.1052815,108.2547218
1333762961,16.0887666,108.246329
1333762962,16.0523586,108.2408992
1333762963,16.0861533,108.2430207
1333762971,16.0820726,108.2441748
1333762975,16.1040819,108.2592642
1333762977,16.0883491,108.246226
1333762980,16.086695,108.2447962
1333762981,16.1078831,108.2606463
1333762982,16.0562065,108.237518
1333762983,16.0892938,108.2464255
1333762985,16.1042799,108.2597428
1333762988,16.1068318,108.2596572
1333762989,16.1017963,108.2473122
1333762990,16.0877369,108.2466806
1333762991,16.0560678,108.2403245
1333762994,16.104951,108.2550515
1333763001,16.0755629,108.2441764
1333763002,16.0936188,108.2433787
1333763007,16.0937515,108.2328193
1333763009,16.0834871,108.2452512
1333763012,16.069425,108.2431196
1333763015,16.0923178,108.2337428
1333763016,16.0875198,108.2390303
1333763019,16.0520062,108.2410116
1333763021,16.0760361,108.2435412
1333763022,16.0922965,108.2369311
1333763024,16.0522316,108.2404204
1333763025,16.0846858,108.2461374
1333763027,16.0488077,108.2383246
1333763028,16.0682771,108.2417637
1333763029,16.1036186,108.2605458
1333763030,16.0667505,108.2417712
1333763031,16.1046815,108.2606404
1333763032,16.0907326,108.2481678
1333763033,16.0880679,108.2395561
1333763034,16.0931073,108.2313408
1333763035,16.1055748,108.2566771
1333763038,16.0676825,108.241292
1333763040,16.0475714,108.2408626
1333763042,16.0908543,108.2420178
1333763043,16.1015146,108.247567
1333763044,16.0901665,108.2499113
1333763045,16.0866598,108.2452215
1333763047,16.0610788,108.2417894
1333763050,16.0469543,108.2426301
1333763051,16.0874821,108.2448901
1333763053,16.1029134,108.2633981
1333763054,16.085345,108.2423496
1333763055,16.0880263,108.2438733
1333763056,16.087231,108.243517
1333763059,16.10771,108.2616643
1333763064,16.1028362,108.2598289
1333763070,16.0888727,108.2450326
1333763072,16.0893718,108.2450992
1333763074,16.0615693,108.2372436
1333763077,16.0682996,108.2421793
1333763091,16.0653302,108.2452528
1333763094,16.0914753,108.2460449
1333763096,16.0601929,108.2330661
1333763108,16.0484714,108.2406022
1333763109,16.0551431,108.24236
1333763111,16.0949267,108.2330588
1333763113,16.0602402,108.238007
1333763114,16.1030367,108.2603141
1333763129,16.0862821,108.243807
1333763132,16.0944583,108.2414025
1333763135,16.0934771,108.2340045
1333763137,16.0542175,108.2391406
1333763141,16.1017423,108.2423818
1333763148,16.10183,108.248049
1333763150,16.0769115,108.2428655
1333763153,16.0916857,108.2425314
1333763155,16.0940994,108.2465578
1333763164,16.046801,108.2420744
1333763167,16.0955578,108.2471571
1333763172,16.0667539,108.2412987
1333763174,16.0872092,108.2393703
1333763177,16.1026986,108.2645698
1333763178,16.0937664,108.2488649
1333763179,16.0919833,108.2341041
1333763180,16.0858918,108.2436495
1333763181,16.0479424,108.2462116
1333763197,16.0755329,108.2435618
1333763198,16.1061072,108.2564263
1333763200,16.0601845,108.2375785
1333763219,16.0549881,108.2418223
1333763220,16.0895148,108.2401088
1333763222,16.0912454,108.233392
1333763223,16.10622,108.2582682
1333763228,16.0952923,108.2326718
1333763230,16.0848824,108.247716
1333763235,16.0677087,108.2426446
1333763239,16.0468775,108.242352
1333763241,16.0924681,108.2307117
1333763244,16.1036132,108.2594843
1333763248,16.0620784,108.2421634
1333763250,16.1038933,108.256008
1333763252,16.1011082,108.2497134
1333763254,16.07697,108.24427
1333763256,16.1047306,108.2552091
1333763258,16.1023082,108.2647156
1333763262,16.0534832,108.2389888
1333763264,16.0905114,108.2327381
1333763266,16.0502359,108.2410415
1333763268,16.0621824,108.2425044
1333763270,16.0918536,108.2421579
1333767435,16.0672503,108.2408729
1333767438,16.0682484,108.2408526
1333767441,16.0694871,108.2377429
1333767442,16.0710541,108.233799
1333767444,16.0682347,108.2404786
1333767445,16.067252,108.2404802
1333767447,16.0687214,108.240458
1333767454,16.0692912,108.2397534
1334101392,16.1015575,108.2518955
1334101398,16.0375991,108.2479875
1334101400,16.0411708,108.2450983
1334101402,16.0419762,108.2480786
1334101404,16.0408699,108.2452541
1334101411,16.0408321,108.242513
1334101412,16.0465115,108.2443396
1334101417,16.0418772,108.2438045
1334101418,16.0570403,108.2372683
1334101420,16.0543552,108.2396303
1334101425,16.0419129,108.2410716
1334101429,16.039693,108.2450512
1334101430,16.0434891,108.2425987
1334101432,16.0997829,108.2521614
1334101433,16.0415232,108.2439662
1334101435,16.0552185,108.2373662
1334101439,16.1025459,108.252556
1334101449,16.0426183,108.2416391
1334101451,16.0449253,108.2452898
1334101452,16.0413545,108.2397512
1334101458,16.0559517,108.2452191
1334101461,16.047492,108.2493976
1334101462,16.0470901,108.2464789
1334101467,16.0423435,108.2467738
1334101470,16.0461044,108.2377484
1334101471,16.0422524,108.2417908
1334101477,16.0491212,108.2372842
1334101479,16.044994,108.2449207
1334101480,16.0430727,108.2452802
1334101490,16.0421471,108.2463394
1334101492,16.0363052,108.237731
1334101496,16.0417935,108.248581
1334101501,16.0404568,108.2427126
1334101505,16.0550929,108.2369304
1334101510,16.0461612,108.2451262
1334101512,16.041143,108.2441511
1334101514,16.1040399,108.252861
1334101515,16.0556838,108.2324979
1334101516,16.0507362,108.2370895
1334101519,16.099227,108.2500016
1334101520,16.0468441,108.2363836
1334101521,16.0464805,108.2465263
1334101528,16.0504063,108.2359127
1334101529,16.0415196,108.2472265
1334101531,16.0988723,108.2506872
1334101537,16.0427879,108.2429635
1334101538,16.0427332,108.2428481
1334101542,16.0494681,108.2367148
1334101543,16.0558574,108.2448634
1334101549,16.041626,108.2482362
1334101550,16.0465198,108.2466608
1334101555,16.0490007,108.2368755
1334101556,16.0593347,108.2445384
1334101560,16.044869,108.2381772
1334101561,16.042882,108.2422654
1334101562,16.0468098,108.2456357
1334101569,16.056838,108.236577
1334101570,16.0401982,108.2443792
1334101572,16.0426566,108.2443104
1334101579,16.0996823,108.2490471
1334101581,16.0464663,108.2350803
1334101583,16.0590221,108.243067
1334101587,16.0399883,108.2457139
1334101589,16.100125,108.2512667
1334101590,16.0450924,108.2487992
1334101595,16.1027299,108.2526392
1334101599,16.0436505,108.2429537
1334101604,16.0506648,108.2368223
1334101605,16.0412192,108.2462278
1334101608,16.0416796,108.2433586
1334101612,16.0440354,108.2472637
1334101613,16.0557566,108.2445086
1334101614,16.0451909,108.2453654
1334101617,16.0460684,108.2445649
1334101624,16.0566189,108.2442115
1334101625,16.0983144,108.2503757
1334101628,16.0443268,108.2446764
1334101629,16.0536634,108.2373728
1334101632,16.0425434,108.2424293
1334101635,16.0430019,108.2414721
1334101638,16.0493316,108.2362498
1334101640,16.0414912,108.244925
1334101642,16.0564416,108.2366989
1334101643,16.042668,108.245483
1334101644,16.0429532,108.2432908
1334101645,16.0406533,108.2453694
1334101647,16.056889,108.2331969
1334101654,16.0456361,108.2469406
1334101660,16.1052429,108.2538407
1334101662,16.0411936,108.2423236
1334101663,16.0459997,108.2441823
1334101670,16.1006497,108.2507464
1334101672,16.0471178,108.237432
1334101675,16.0462524,108.2456365
1334101688,16.0567276,108.244559
1334101690,16.0612881,108.2428805
1334101694,16.0491763,108.2357484
1334101695,16.0431243,108.2427965
1334101698,16.0408586,108.2385883
1334101701,16.1008845,108.2544103
1334101702,16.1018501,108.2513318
1334101703,16.0502263,108.235233
1334101704,16.0592449,108.2441157
1334101705,16.0396572,108.2458758
1334101707,16.0566348,108.2373856
1334101711,16.0428131,108.2477437
1334101712,16.0556499,108.2441591
1334101714,16.0417886,108.2455484
1334101719,16.050544,108.2363958
1334101720,16.061448,108.2438859
1334101724,16.0472444,108.2378574
1334101727,16.046075,108.2480016
1334101734,16.0474363,108.2385409
1334101735,16.0437371,108.2449631
1334101739,16.0402044,108.2437346
1334101740,16.1039032,108.2529463
1334101745,16.0408266,108.2464009
1334101746,16.0555639,108.2438307
1334101758,16.0557451,108.2392112
1334101759,16.0431939,108.2475929
1334101760,16.1032317,108.2533504
1334101762,16.0400722,108.2467573
1334101763,16.0405386,108.2369092
1334101765,16.0491954,108.2375098
1334101766,16.0434773,108.2461979
1334101767,16.0497258,108.2334594
1334150957,16.0485105,108.2424741
1334169611,16.0356802,108.2096139
1334169612,16.0187148,108.2054122
1334169613,16.0408168,108.2155044
1334169615,16.0330315,108.2330035
1334169616,16.025345,108.2121536
1334169619,16.0282263,108.2112546
1334169624,16.0377799,108.2161334
1334169626,16.0163434,108.2089958
1334169628,16.0242746,108.2158318
1334169630,16.0380825,108.2131
1334169631,16.0236551,108.2125917
1334169632,16.0142464,108.2074222
1334169635,16.0233277,108.2045544
1334169637,16.0128776,108.2067434
1334169639,16.0332566,108.2201054
1334169640,16.036097,108.210525
1334169641,16.0184058,108.1991509
1334169644,16.0320138,108.2161259
1334169648,16.029647,108.226748
1334169650,16.0434283,108.2214788
1334169656,16.0307796,108.2289714
1334169658,16.0247444,108.2132148
1334169660,16.0368938,108.2167315
1334169664,16.0555917,108.2201857
1334169666,16.0182466,108.209987
1334169667,16.0319396,108.2273621
1334169669,16.0162851,108.2061214
1334169670,16.0393079,108.2229578
1334169671,16.0495885,108.2348056
1334169673,16.0325653,108.2137366
1334169674,16.022464,108.2087639
1334169676,16.0393279,108.2162431
1334169677,16.0365349,108.2146884
1334169680,16.0312982,108.2255027
1334169681,16.0125842,108.208008
1334169685,16.0342226,108.2172068
1334169686,16.0287431,108.2111915
1334169688,16.0370469,108.2091043
1334169696,16.0376844,108.2231526
1334169697,16.0182399,108.1987504
1334169701,16.0326926,108.2291729
1334169705,16.0180246,108.1982018
1334169706,16.0422857,108.2226149
1334169708,16.021665,108.2120558
1334169710,16.0323191,108.2115145
1334169711,16.0238973,108.2124392
1334169714,16.0362227,108.2171808
1334169715,16.0392976,108.2189321
1334169716,16.0199418,108.207474
1334169718,16.0355184,108.2108452
1334169719,16.0151267,108.2044735
1334169720,16.0421664,108.2175802
1334169723,16.020434,108.2102843
1334169725,16.0319446,108.225508
1334169726,16.0326091,108.2141735
1334169730,16.0195548,108.1975519
1334169731,16.0345753,108.2203966
1334169732,16.0206587,108.2067555
1334169735,16.0481571,108.2357853
1334169740,16.0408585,108.215887
1334169743,16.0305458,108.2277495
1334169744,16.0373384,108.2079878
1334169745,16.0452303,108.2222454
1334169746,16.0342584,108.217589
1334169750,16.0237013,108.2148045
1334169753,16.0358038,108.2090908
1334169754,16.0389904,108.2134216
1334169755,16.0167735,108.2105771
1334169756,16.0425035,108.2378335
1334169759,16.0114775,108.2056852
1334169762,16.0302137,108.2265578
1334169763,16.0352432,108.2134159
1334169764,16.0303058,108.2221517
1334169767,16.0195546,108.2101795
1334169770,16.0185879,108.19957
1334169772,16.0189778,108.2053411
1334169774,16.0282455,108.2115232
1334169776,16.0352061,108.2217164
1334169777,16.0422532,108.2223167
1334169779,16.0126799,108.205612
1334169781,16.0151206,108.2085729
1334169783,16.0389469,108.2162899
1334169786,16.0199232,108.1985041
1334169788,16.0156574,108.2043131
1334169789,16.0253088,108.2145313
1334169790,16.0365798,108.215156
1334169792,16.0403768,108.209667
1334169793,16.0438164,108.2205342
1334169795,16.0307982,108.2121409
1334169800,16.0377197,108.2109287
1334169801,16.0448604,108.2090205
1334169802,16.0430686,108.2128804
1334169807,16.0388578,108.237814
1334169815,16.0226955,108.2112942
1334169816,16.0382113,108.2110488
1334169820,16.0365991,108.2137338
1334169821,16.0287636,108.2114555
1334169824,16.0374998,108.2180927
1334169826,16.0285395,108.21918
1334169827,16.0438718,108.2079178
1334169829,16.0383613,108.2175473
1334169830,16.0175967,108.208139
1334169832,16.0181619,108.2090105
1334169833,16.0152238,108.2062052
1334169834,16.035789,108.2197674
1334169835,16.0314312,108.232059
1334169836,16.0324857,108.22015
1334169837,16.0216834,108.2151218
1334169839,16.0287177,108.2087742
1334169840,16.0141954,108.2047121
1334169843,16.0342325,108.2314284
1334169845,16.0258541,108.2130197
1334169846,16.0213078,108.2115639
1334169847,16.0116987,108.2069552
1334169849,16.0436117,108.2224506
1334169851,16.0314888,108.232655
1334169854,16.0153578,108.2052432
1334169855,16.036666,108.2162192
1334169857,16.0442046,108.208297
1334169860,16.0215435,108.2097285
1334169861,16.0305034,108.2094846
1334169864,16.0357552,108.2223589
1334169865,16.0484815,108.2352735
1334169867,16.0222848,108.2083793
1334169871,16.0340492,108.2200045
1334169872,16.0284214,108.2126785
1334169873,16.036487,108.2142072
1334169875,16.0385468,108.2134734
1334169879,16.034151,108.2081832
1334169880,16.0139209,108.2056701
1334169881,16.0438793,108.2127646
1334169883,16.0351904,108.2129857
1334169885,16.0296919,108.2205657
1334169886,16.0315428,108.2283521
1334169887,16.0450903,108.2212817
1334169894,16.0372818,108.2206649
1334169895,16.0447754,108.219199
1334169896,16.0200134,108.2094762
1334169899,16.0300202,108.2248461
1334169900,16.0358993,108.2086325
1334169904,16.0325915,108.2173864
1334169905,16.0324575,108.226509
1334169907,16.026624,108.2143939
1334169909,16.0315997,108.224119
1334169910,16.0321294,108.2100005
1334169914,16.0435556,108.2183849
1334169916,16.0258108,108.2098114
1334169917,16.0200879,108.1989078
1334169918,16.0213426,108.2155994
1334169919,16.0243481,108.2082787
1334169922,16.0308994,108.2295656
1334169923,16.0391422,108.2148523
1334169925,16.0198538,108.209085
1334169928,16.0151273,108.2070158
1334169929,16.0482836,108.2348063
1334169930,16.0245688,108.2101026
1334169931,16.014748,108.2080599
1334169932,16.0192184,108.2077121
1334169933,16.0445303,108.2359139
1334169936,16.0356237,108.2104035
1334169937,16.0310856,108.2148896
1334169939,16.029982,108.2189892
1334169940,16.0325655,108.228576
1334169942,16.0347022,108.2213352
1334169944,16.0364415,108.2177075
1334169950,16.0141667,108.2040605
1334169951,16.046668,108.2078805
1334169953,16.0378612,108.2145629
1334169958,16.0327512,108.2317762
1334169962,16.0330345,108.2254912
1334169964,16.0166191,108.2019292
1334169966,16.037951,108.2175977
1334169967,16.0174823,108.2114862
1334169968,16.0168997,108.2098765
1334169969,16.0366781,108.2106683
1334169971,16.0381301,108.2135264
1334169972,16.0220529,108.2136269
1334169973,16.0286983,108.2207323
1334169977,16.0324406,108.2160666
1334169978,16.0280464,108.2093593
1334169980,16.0249067,108.2147735
1334169981,16.044809,108.2168834
1334169982,16.0173621,108.2095573
1334169983,16.0150098,108.2053576
1334169984,16.0231758,108.2084331
1334169986,16.0347571,108.2217808
1334169987,16.0250681,108.2116899
1334169988,16.0391892,108.2152674
1334169989,16.0248136,108.2134339
1334169991,16.0324233,108.2123553
1334169992,16.0143781,108.2088127
1334169993,16.034774,108.2342219
1334169994,16.0439495,108.2138378
1334169997,16.0385993,108.2163226
1334169998,16.0149404,108.2038297
1334170001,16.0402296,108.2104173
1334170002,16.0334063,108.2172952
1334170003,16.0554948,108.2221413
1334170004,16.0174259,108.2070051
1334170007,16.017819,108.2102916
1334170008,16.0353468,108.2379576
1334170009,16.0311397,108.2273853
1334170010,16.0444204,108.2085412
1334170012,16.0491622,108.2349498
1334170015,16.0457229,108.2212039
1334170018,16.0172054,108.2084021
1334170019,16.0228542,108.2111907
1334170022,16.0187727,108.2038411
1334170023,16.0447146,108.2187526
1334170025,16.0171576,108.2102912
1334170026,16.0387548,108.2372377
1334170028,16.0284405,108.2092977
1334170029,16.0207512,108.1992218
1334170030,16.0287982,108.2217667
1334170031,16.0401292,108.2096967
1334170033,16.0190844,108.2104776
1334170034,16.032063,108.2328012
1334170036,16.0367847,108.2128898
1334170038,16.0379574,108.2154131
1334170039,16.0381633,108.2204947
1334170041,16.02111,108.2089448
1334170043,16.0420075,108.2098684
1334170044,16.0154971,108.2066585
1334170045,16.0340593,108.2218692
1334170046,16.033235,108.2265254
1334170049,16.0263609,108.2139106
1334170050,16.0302632,108.2270289
1334170052,16.0323692,108.2119187
1334170053,16.0395695,108.2184875
1334170054,16.0151502,108.2098127
1334170055,16.0205317,108.2087598
1334170056,16.045325,108.2182585
1334170058,16.0336383,108.2103962
1334170059,16.0220909,108.214485
1334170060,16.0319448,108.227735
1334170061,16.0233639,108.2088433
1334170066,16.0249026,108.2137169
1334170067,16.0413995,108.2089496
1334170069,16.0307086,108.2112222
1334170072,16.0355239,108.2207614
1334170074,16.0203026,108.1994344
1334170075,16.02104,108.2066356
1334170079,16.0485307,108.2369753
1334170082,16.0323546,108.2299651
1334170083,16.0357126,108.2178262
1334170092,16.0329881,108.2177328
1334170098,16.0221046,108.2079864
1334170099,16.0341705,108.2225725
1334170100,16.016471,108.2107925
1334170101,16.0340279,108.2086379
1334170104,16.0338104,108.2135888
1334170105,16.0182725,108.2002959
1334170106,16.03259,108.2101122
1334170107,16.0177946,108.2092545
1334170110,16.0195782,108.2075814
1334170112,16.0446783,108.2182451
1334170115,16.0322921,108.2147448
1334170116,16.0351449,108.2125195
1334170119,16.046632,108.2356198
1334170120,16.0252486,108.2115752
1334170121,16.0385221,108.2190118
1334170122,16.0390676,108.2174695
1334170125,16.0227191,108.1998688
1334170127,16.0437051,108.2113627
1334170129,16.0346325,108.2208754
1334170130,16.0354395,108.2148802
1334170133,16.0333195,108.2164724
1334170134,16.0554182,108.2236513
1334170135,16.0154449,108.2083615
1334170136,16.0353006,108.2138466
1334170139,16.0490185,108.2344726
1334170143,16.0374994,108.2118608
1334170144,16.0433142,108.2114135
1334170146,16.0179959,108.2078714
1334170147,16.02418,108.2135194
1334170148,16.0324263,108.2254986
1334170149,16.018956,108.2072799
1334170150,16.0332613,108.2159731
1334170151,16.0537143,108.2215558
1334170152,16.0144195,108.2093167
1334170156,16.0160138,108.2104754
1334170158,16.0300573,108.2255133
1334170159,16.0239015,108.2100395
1334170161,16.0158826,108.206345
1334170163,16.0422607,108.2365523
1334170165,16.0234394,108.2122261
1334170166,16.0323133,108.2318815
1334170167,16.0288801,108.2124082
1334170170,16.0147543,108.2073015
1334170172,16.0374548,108.2176649
1334170174,16.022194,108.2048953
1334170176,16.0200458,108.1973207
1334170177,16.0319389,108.2270017
1334170178,16.0417095,108.2094457
1334170179,16.0188159,108.2000645
1334170180,16.0464944,108.2220974
1334170183,16.0316152,108.2265322
1334170185,16.0167852,108.2087022
1334170186,16.0377946,108.2140531
1334170187,16.0369846,108.2194718
1334170188,16.0316918,108.2202727
1334170190,16.0287258,108.2092541
1334170191,16.043658,108.2192975
1334170195,16.0337538,108.2289444
1334170199,16.0211544,108.2124761
1334170200,16.0336171,108.2117836
1334170202,16.0406772,108.2142241
1334170208,16.0244665,108.2127002
1334170210,16.0331985,108.2316816
1334170213,16.0209503,108.215313
1334170214,16.0202172,108.2099001
1334170218,16.0356556,108.2216555
1334170220,16.0287454,108.2212161
1334170221,16.0339425,108.219098
1334170222,16.0252348,108.2153695
1334170223,16.031138,108.2265393
1334170226,16.0369861,108.2093466
1334170229,16.0240706,108.2103851
1334170230,16.0312856,108.2239994
1334170232,16.0140539,108.2065002
1334170233,16.0494252,108.2342803
1334170235,16.033764,108.2131623
1334170236,16.0385952,108.2094946
1334170239,16.0322891,108.2174288
1334170242,16.0197556,108.1980844
1334170245,16.0322504,108.2087819
1334170246,16.0356363,108.2170486
1334170247,16.0327319,108.2186446
1334170251,16.0224568,108.198476
1334170252,16.0164701,108.1988917
1334170253,16.031601,108.2255113
1334170254,16.0335733,108.2113625
1334170255,16.0370335,108.2117791
1334170260,16.026913,108.2118693
1334170261,16.0320184,108.2228051
1334170262,16.0441979,108.2115939
1334170265,16.0310376,108.2302547
1334170266,16.0457515,108.2063253
1334170268,16.015823,108.2080917
1334170269,16.0319493,108.2286967
1334170270,16.0478252,108.2350718
1334170272,16.0158977,108.2050675
1334170274,16.0309562,108.2321562
1334170276,16.0301833,108.2204909
1334170278,16.0439459,108.2133043
1334170280,16.0333842,108.2210379
1334170281,16.0331683,108.2191662
1334170283,16.0341342,108.2163733
1334170286,16.0165293,108.2101274
1334170287,16.0179539,108.2120338
1334170290,16.014585,108.206409
1334170293,16.0394454,108.2174227
1334170294,16.0167384,108.2059344
1334170300,16.031511,108.2301563
1334170305,16.0310902,108.2255005
1334170306,16.0315643,108.2287936
1334170307,16.0227373,108.2131569
1334170308,16.0158486,108.201704
1334170311,16.0182635,108.2110004
1334170312,16.0390934,108.2144177
1334170313,16.0355602,108.218323
1334170314,16.0319629,108.2300553
1334170315,16.0326813,108.210987
1334170316,16.0261339,108.211028
1334170319,16.0210614,108.2049426
1334170320,16.0352443,108.2120149
1334170322,16.0350811,108.2208245
1334170325,16.0325543,108.2206553
1334170326,16.0277228,108.2138477
1334170327,16.0311442,108.2277378
1334170328,16.022565,108.2061877
1334170330,16.0166929,108.2040229
1334170331,16.0327262,108.2151734
1334170333,16.0256539,108.2126511
1334170334,16.0328121,108.2298483
1334170335,16.0379106,108.2149809
1334170337,16.0434624,108.2174284
1334170339,16.0319446,108.2265289
1334170340,16.0346192,108.233408
1334170342,16.0311345,108.2270147
1334170343,16.0447618,108.2364825
1334170347,16.0444919,108.2204601
1334170349,16.0387293,108.2175063
1334170350,16.0186881,108.2107158
1334170352,16.0344182,108.2190312
1334170353,16.0241894,108.2122545
1334170354,16.0282238,108.2110983
1334170356,16.0369234,108.2192259
1334170358,16.0519474,108.2221187
1334170359,16.0170314,108.20728
1334170361,16.0406436,108.2374737
1334170362,16.0306949,108.2285346
1334170363,16.0376082,108.2092534
1334170366,16.0325189,108.2133209
1334170367,16.0302373,108.2210069
1334170368,16.0174705,108.1984404
1334170369,16.0372548,108.2108085
1334170371,16.0436016,108.218839
1334170372,16.0223389,108.2133859
1334170374,16.0130651,108.2076581
1334170377,16.032959,108.2206044
1334170383,16.0463888,108.2210973
1334170384,16.0361917,108.2127715
1334170387,16.022271,108.2148277
1334170392,16.030079,108.2279142
1334170395,16.0223359,108.2108087
1334170396,16.0384855,108.2186172
1334170399,16.0381898,108.2158962
1334170403,16.0266794,108.2120102
1334170404,16.0315323,108.2187742
1334170407,16.0460111,108.210374
1334170410,16.026726,108.2114893
1334170411,16.0455464,108.2065759
1334170412,16.0260176,108.2133113
1334170414,16.0162274,108.2078056
1334170415,16.0181934,108.2123302
1334170418,16.0154633,108.2036738
1334170420,16.0305628,108.230349
1334170423,16.0217151,108.2081792
1334170425,16.0382374,108.2163652
1334170427,16.0274263,108.2132971
1334170428,16.0311522,108.2284143
1334170429,16.0383665,108.2119996
1334170430,16.025549,108.2098561
1334170436,16.0295124,108.2190591
1334170440,16.0330394,108.218097
1334170444,16.0350443,108.2234738
1334170445,16.0318761,108.2319729
1334170446,16.0367098,108.2132609
1334170454,16.0353736,108.2143518
1334170455,16.0315348,108.227739
1334170456,16.0443619,108.222351
1334170459,16.0498884,108.2340008
1334170460,16.0230738,108.2110327
1334170463,16.0201898,108.2089265
1334170465,16.0449404,108.2204007
1334170466,16.0356349,108.2126299
1334170472,16.0384185,108.2179925
1334170473,16.0203861,108.2073385
1334170474,16.021366,108.2083471
1334170477,16.0166485,108.2075321
1334170478,16.0338671,108.2140287
1334170487,16.0148197,108.2087639
1334170488,16.0300904,108.2265736
1334170489,16.0434789,108.2128235
1334170490,16.0443388,108.2192308
1334170494,16.0217655,108.2140401
1334170496,16.0396204,108.2188833
1334172017,16.0268955,108.2137418
1334172019,16.0270541,108.2117932
1334172023,16.023385,108.2108203
1334172024,16.0437126,108.2197991
1334172028,16.0274826,108.2116198
1334172029,16.0578037,108.2224966
1334172030,16.0341801,108.2167838
1334172032,16.0274757,108.2133812
1334172034,16.054808,108.2152124
1334172038,16.0519068,108.21337
1334172041,16.0522106,108.2152561
1334172042,16.0433777,108.2205865
1334172048,16.033694,108.2200496
1334172053,16.0240293,108.2116706
1334172055,16.0432869,108.2198558
1334172057,16.0277607,108.2121296
1334172058,16.0347762,108.217907
1334172059,16.0281615,108.2128298
1334172061,16.0580713,108.2216237
1334172064,16.0237631,108.2122111
1334172070,16.0428759,108.2199186
1334172071,16.0563468,108.2145305
1334172073,16.0347001,108.2171574
1334172074,16.0555525,108.2140565
1334172076,16.0236958,108.2106116
1334172077,16.0564284,108.2158113
1334172080,16.0579625,108.221882
1334172081,16.0355951,108.2166246
1334172083,16.0509293,108.2159142
1334172087,16.0335734,108.2191367
1334172089,16.0556938,108.2146421
1334172091,16.0277752,108.2130761
1334172093,16.0283217,108.2120503
1334172095,16.0538592,108.2161031
1334172098,16.0251299,108.2113621
1334172099,16.0432425,108.2193302
1334172102,16.0548842,108.2159311
1334172330,16.0496573,108.2162634
1334174614,16.0378677,108.2259354
1334174648,16.0445683,108.2244352
1334174670,16.0461159,108.2242512
1334174806,16.045207,108.2231546
1334174861,16.0453462,108.2243458
1334174871,16.0381174,108.2259109
1334174886,16.0376759,108.224431
1334174918,16.0437982,108.2245282
1334174927,16.0383818,108.227923
1334182568,16.0430981,108.2246094
1334182572,16.0444686,108.2234595
1334198440,16.0354419,108.1880724
1334198454,16.0342738,108.1899027
1334198467,16.0359304,108.1878914
1334198470,16.0344372,108.1903445
1334198476,16.036342,108.1890885
1334198483,16.036244,108.1901357
1334198485,16.0369036,108.1870556
1334198492,16.0523144,108.2062149
1334198494,16.03344,108.1888325
1334198498,16.0432451,108.1885076
1334198511,16.0329159,108.1890359
1334198520,16.0345853,108.1907225
1334198522,16.0352616,108.1889721
1334198546,16.0572895,108.2121921
1334198551,16.0565046,108.2081303
1334198559,16.0536091,108.20467
1334198561,16.0331014,108.1889949
1334198569,16.0458014,108.1893621
1334198575,16.0337513,108.1895911
1334198578,16.058975,108.2095475
1334198584,16.0374547,108.1896847
1334198586,16.0340822,108.1904709
1334198592,16.0350391,108.1890543
1334198601,16.0583356,108.206804
1334198611,16.0367889,108.1888925
1334198613,16.0533671,108.2055978
1334198620,16.0522758,108.2058847
1334198625,16.0346518,108.1897715
1334198626,16.0344668,108.1892708
1334198630,16.0348588,108.1885775
1334198640,16.0373155,108.1887023
1334198642,16.0532335,108.2047349
1334198643,16.0364789,108.1879551
1334198647,16.0400914,108.1884391
1334198651,16.0374702,108.1892053
1334198655,16.0350269,108.1896254
1334198656,16.0370141,108.1874553
1334198657,16.0341859,108.1885456
1334198664,16.0366393,108.1884172
1334198673,16.0578487,108.2075816
1334198675,16.0345544,108.1884138
1334198680,16.0366607,108.1899827
1334198685,16.0357028,108.1887756
1334198686,16.0529407,108.2056564
1334198687,16.0373547,108.1892768
1334198691,16.0493446,108.1903955
1334198694,16.0351783,108.1900554
1334198695,16.0585106,108.2074905
1334198700,16.0340871,108.189444
1334198703,16.0361732,108.188598
1334198705,16.0360718,108.1896957
1334198708,16.0527306,108.2058076
1334198709,16.0342215,108.1909192
1334198713,16.0346511,108.18866
1334198716,16.0581624,108.2132229
1334198719,16.0339216,108.1905446
1334198723,16.0356358,108.1898547
1334198728,16.0364071,108.1877025
1334198729,16.0376716,108.1900483
1334198735,16.0353275,108.1904548
1334198736,16.0355196,108.188312
1334198740,16.0352315,108.1895504
1334198741,16.0370615,108.1876925
1334198742,16.0536045,108.213722
1334198744,16.058809,108.2065446
1334198746,16.0360162,108.18813
1334198748,16.0341482,108.1909539
1334198749,16.0353914,108.1899756
1334198750,16.0540625,108.2055321
1334198752,16.0539198,108.2046165
1334198755,16.0374879,108.189307
1334198758,16.0349673,108.1906017
1334198762,16.0354557,108.189444
1334198763,16.0334745,108.1896943
1334198764,16.0576943,108.2070656
1334198766,16.0590784,108.2072813
1334198768,16.0337232,108.1901583
1334198775,16.0548143,108.2054498
1334198780,16.03718,108.1881701
1334198783,16.0537335,108.2055648
1334198788,16.0530518,108.2047626
1334198789,16.0369566,108.1894055
1334198790,16.0365115,108.1895357
1334198791,16.0572058,108.2119417
1334198793,16.0459362,108.1893428
1334198798,16.033919,108.1900491
1334198799,16.0348266,108.1901985
1334198800,16.0396321,108.1886323
1334198803,16.0359181,108.1892555
1334198806,16.0348173,108.1891214
1334198808,16.0587186,108.2074645
1334198816,16.0531764,108.2056244
1334202585,16.0584405,108.1869038
1334202586,16.0619944,108.1908959
1334202588,16.0639598,108.19125
1334202589,16.0645142,108.1948515
1334202593,16.0639807,108.1901
1334202594,16.065633,108.1871172
1334202597,16.0589483,108.187333
1334202601,16.0581054,108.1870407
1334202605,16.0635863,108.1892572
1334202606,16.0554131,108.1876616
1334202608,16.0656621,108.1948832
1334202611,16.0657187,108.1882712
1334202612,16.0637439,108.1862949
1334202616,16.0656366,108.1953733
1334202617,16.0651607,108.1883035
1334202618,16.0594169,108.186495
1334202624,16.0636684,108.1862906
1334202627,16.0652991,108.1924636
1334202628,16.0641273,108.1870209
1334202630,16.0576324,108.1872539
1334202632,16.0619451,108.1918554
1334202641,16.065519,108.1985039
1334202643,16.0651135,108.194869
1334202648,16.0632442,108.1909876
1334202649,16.0582841,108.1894073
1334202652,16.0655022,108.1833106
1334202654,16.063843,108.1897769
1334202655,16.0652316,108.1892732
1334202663,16.0615886,108.1879304
1334202666,16.0635188,108.1899464
1334202669,16.0658495,108.1948872
1334202670,16.0646587,108.1893209
1334202687,16.0587283,108.1867858
1334202689,16.0657024,108.1937988
1334202691,16.061023,108.1856982
1334202692,16.0601813,108.1884811
1334202693,16.0645482,108.1822509
1334202695,16.0625088,108.1845481
1334202697,16.0674564,108.2150785
1334202699,16.0659773,108.1920171
1334202701,16.0566722,108.1900459
1334202702,16.0650272,108.1865268
1334202704,16.0632708,108.1905684
1334202708,16.0632304,108.191244
1334202709,16.0656731,108.1854109
1334202710,16.0596193,108.187001
1334202711,16.0652123,108.189002
1334202714,16.0607977,108.1903023
1334202716,16.0579379,108.187966
1334202721,16.0619609,108.1913562
1334202724,16.0644261,108.1887671
1334202725,16.0620269,108.1904605
1334202729,16.0583679,108.1876772
1334202733,16.0607665,108.1862302
1334202734,16.0632203,108.1914377
1334202735,16.0646746,108.1884103
1334202736,16.0628038,108.1869654
1334202738,16.0650205,108.1833818
1334202747,16.0643032,108.1911968
1334202748,16.0611445,108.1859985
1334202749,16.0654377,108.183161
1334202757,16.058657,108.1874912
1334202759,16.0631919,108.1919445
1334202761,16.0653602,108.1920082
1334202762,16.05922,108.1860002
1334202770,16.0655828,108.1967211
1334202772,16.0651431,108.1938068
1334204295,16.0480795,108.1814242
1334204297,16.049098,108.1738832
1334204301,16.0535641,108.1747131
1334204304,16.0492781,108.1744366
1334204306,16.0495506,108.1712591
1334204316,16.0529702,108.1729441
1334204319,16.0578507,108.1757046
1334204320,16.0506999,108.1791224
1334204321,16.0549278,108.1770079
1334204324,16.0557622,108.1747517
1334204330,16.0554653,108.1768232
1334204333,16.0521603,108.1704037
1334204336,16.0526517,108.1719002
1334204341,16.0531634,108.1734985
1334204344,16.0541244,108.1764788
1334204346,16.0481563,108.1822843
1334204347,16.0497991,108.1737096
1334204348,16.0504435,108.1709494
1334204349,16.0504452,108.178293
1334204350,16.0498585,108.1765099
1334204351,16.050518,108.1785181
1334204355,16.0579799,108.177509
1334204357,16.0576781,108.1752194
1334204358,16.0545892,108.1762967
1334204359,16.051025,108.1801168
1334204361,16.0506767,108.1734875
1334204364,16.0523058,108.1776628
1334204365,16.0505592,108.175535
1334204366,16.0501185,108.1772655
1334204367,16.0523823,108.177885
1334204368,16.0524789,108.1713965
1334204369,16.0549304,108.1718828
1334204372,16.0548814,108.178757
1334204373,16.0561135,108.1757768
1334204375,16.050568,108.173039
1334204376,16.0495996,108.1728304
1334204379,16.0563585,108.1765145
1334204380,16.0504468,108.1725377
1334204383,16.050761,108.1718905
1334204386,16.0488458,108.1714708
1334204387,16.052565,108.174429
1334204389,16.0507931,108.1759988
1334204392,16.0537546,108.1753097
1334204393,16.051571,108.171652
1334204394,16.0517344,108.1705305
1334204396,16.0509232,108.1723868
1334204398,16.04885,108.1730587
1334204399,16.0528341,108.1754855
1334204401,16.0502745,108.1749775
1334204402,16.058393,108.1773996
1334204405,16.0573907,108.1742793
1334204406,16.0550531,108.1724027
1334204409,16.0520302,108.1715175
1334204410,16.0542793,108.1769545
1334204411,16.0502718,108.1777085
1334204412,16.0538605,108.1773644
1334204413,16.052693,108.1749323
1334204419,16.0528105,108.1724308
1334204420,16.0523121,108.1708819
1334204421,16.0579274,108.1759518
1334204423,16.0500357,108.1726781
1334204425,16.0562775,108.1762543
1334204426,16.0543529,108.177191
1334204427,16.0499518,108.1742822
1334204428,16.0499894,108.171121
1334204431,16.0502543,108.1735931
1334208539,16.0731807,108.1744028
1334208541,16.0582605,108.1835983
1334208544,16.0508458,108.1795887
1334208548,16.0589101,108.1831888
1334208549,16.0649125,108.1948576
1334208551,16.0488467,108.1726036
1334208552,16.0571768,108.1862461
1334208556,16.0568389,108.1778793
1334208557,16.0471551,108.172333
1334208558,16.0581314,108.1847416
1334208560,16.0565158,108.1769988
1334208561,16.0647868,108.2017838
1334208563,16.0525811,108.1784625
1334208566,16.0518729,108.1787107
1334208567,16.0597545,108.1826994
1334208568,16.0623399,108.1803136
1334208569,16.0494548,108.1723935
1334208572,16.0574339,108.1867989
1334208574,16.0629249,108.182628
1334208577,16.0479457,108.1741478
1334208578,16.0515205,108.1756766
1334208579,16.0580766,108.1764603
1334208585,16.0520348,108.1791661
1334208592,16.0626129,108.1821965
1334208593,16.0687712,108.1997856
1334208594,16.0575425,108.1882603
1334208595,16.064714,108.2005498
1334208596,16.0513019,108.1739572
1334208597,16.0576857,108.1765931
1334208602,16.0750305,108.1757121
1334208605,16.0687939,108.2001196
1334208609,16.055764,108.1796085
1334208611,16.0479741,108.1800276
1334208613,16.0650116,108.2028012
1334208614,16.0468343,108.1727033
1334208615,16.0511757,108.1733691
1334208617,16.0545531,108.1859223
1334208618,16.0649797,108.198504
1334208619,16.0521116,108.1770591
1334208620,16.0743568,108.1752215
1334208625,16.0649749,108.1967575
1334208627,16.0585621,108.1826541
1334208635,16.0541026,108.1745475
1334208637,16.0694998,108.198694
1334208638,16.0517595,108.1767056
1334208639,16.0488444,108.1721763
1334208640,16.0570932,108.1817383
1334208644,16.0540632,108.1790889
1334208645,16.0619588,108.1813088
1334208649,16.0594652,108.1821558
1334208658,16.0567916,108.1853711
1334208659,16.0540698,108.1779518
1334208665,16.0489791,108.1735002
1334208672,16.0542892,108.1752259
1334208673,16.0495044,108.1751613
1334208674,16.0515727,108.1762498
1334208675,16.0547628,108.186362
1334208679,16.0657006,108.198504
1334208682,16.0646589,108.1985016
1334208688,16.0589847,108.180794
1334208693,16.0540514,108.1764486
1334208696,16.0697459,108.1999076
1334208702,16.0651857,108.2017506
1334208704,16.0648429,108.1967597
1334208707,16.0686553,108.1989039
1334208714,16.0493294,108.1720035
1334208715,16.0631624,108.1923943
1334208726,16.0575821,108.177579
1334208732,16.0649009,108.1953397
1334208733,16.0651031,108.2005191
1334208736,16.0566034,108.1849389
1334208738,16.0626639,108.1807301
1334208739,16.0637396,108.1839782
1334208742,16.0579506,108.1842761
1334208750,16.0573514,108.1767097
1334208752,16.0497084,108.1733041
1334208764,16.063224,108.1830532
1334208773,16.0475088,108.174272
1334208776,16.0528773,108.1762981
1334208788,16.0675082,108.1986938
1334208800,16.0636698,108.1820057
1334208804,16.0696756,108.1995803
1334208812,16.0519736,108.1766191
1334208814,16.0532623,108.1792406
1334208818,16.0597297,108.1769137
1334208824,16.0685843,108.1984855
1334208828,16.0554425,108.1785256
1334208830,16.0698415,108.2015104
1334208834,16.0688703,108.2015466
1334208837,16.0527313,108.1789264
1334208847,16.0634697,108.1835061
1334305172,16.0779273,108.1705791
1334305178,16.0754696,108.2415337
1334305180,16.0772836,108.1730984
1334305186,16.0769984,108.1661069
1334305194,16.0782892,108.1700954
1334305195,16.0764109,108.1765433
1334305199,16.0763786,108.1725222
1334305201,16.071625,108.1726826
1334305202,16.0726038,108.19887
1334305217,16.0775276,108.1653082
1334305220,16.0763396,108.1735535
1334305224,16.0800858,108.1676573
1334305225,16.0772832,108.1656908
1334305229,16.0775947,108.1703471
1334305231,16.0722991,108.2325074
1334305234,16.0768845,108.2414823
1334305235,16.0741985,108.170372
1334305240,16.0713393,108.1731481
1334305248,16.0759408,108.1698638
1334305265,16.0759147,108.1732953
1334305272,16.0741753,108.2033549
1334305287,16.0799588,108.1665936
1334305300,16.0759776,108.1713807
1334305302,16.0738512,108.1740624
1334305303,16.0750517,108.2053651
1334305305,16.0708257,108.1705751
1334305307,16.0765346,108.1688637
1334305308,16.0860428,108.2144616
1334305310,16.0785231,108.2397967
1334305312,16.0752008,108.1710628
1334305315,16.073176,108.1702849
1334305317,16.0762602,108.2071211
1334305325,16.0718547,108.1723132
1334305326,16.0722886,108.1946968
1334305328,16.0740708,108.1802188
1334305333,16.070239,108.1723846
1334305337,16.0751652,108.2052752
1334305345,16.0749359,108.1809592
1334305356,16.0750991,108.1727068
1334305367,16.0847382,108.2138639
1334305374,16.0755963,108.1682156
1334305384,16.076568,108.1766286
1334305390,16.073765,108.1856923
1334305395,16.0774291,108.2084785
1334305401,16.0755444,108.171969
1334305403,16.0775209,108.1704723
1334305405,16.0768437,108.2405423
1334305407,16.0837811,108.2134134
1334305410,16.0792718,108.1676783
1334305413,16.0698395,108.1721288
1334305416,16.0766374,108.1737307
1334305417,16.0742838,108.1807161
1334305418,16.0750702,108.169012
1334305424,16.0739172,108.1707944
1334305428,16.0763332,108.1708143
1334305436,16.0789861,108.168119
1334305441,16.0828091,108.2400167
1334305445,16.073657,108.1711852
1334305459,16.0754955,108.1693272
1334305460,16.0785688,108.1702794
1334305469,16.0715331,108.1710847
1334305470,16.0750828,108.178471
1334305474,16.0734867,108.1795969
1334305475,16.0777743,108.1734069
1334305480,16.0746885,108.1784657
1334305481,16.0770474,108.1713163
1334305483,16.0740554,108.2034256
1334305491,16.0748064,108.1809117
1334305497,16.0769318,108.1738896
1334305500,16.0755987,108.1720052
1334305501,16.0768551,108.1728256
1334305503,16.0742745,108.1673016
1334305505,16.0774998,108.1714749
1334305509,16.0717947,108.230978
1334305511,16.0768279,108.2396817
1334305522,16.07244,108.1697565
1334305526,16.0741977,108.1798586
1334305527,16.0749247,108.1715215
1334305530,16.0735285,108.1705161
1334305534,16.0739419,108.1805846
1334305540,16.0727745,108.1725276
1334305543,16.0717267,108.1692564
1334305550,16.0776992,108.1650233
1334305553,16.0802758,108.2109958
1334305559,16.0746554,108.1748385
1334305566,16.0759048,108.1762589
1334305579,16.0740673,108.181341
1334305581,16.0723472,108.1969711
1334305599,16.073986,108.1838246
1334305604,16.0734704,108.1872505
1334305610,16.0773397,108.1707893
1334305625,16.0760307,108.1696972
1334305634,16.0720792,108.1719708
1334305644,16.0746712,108.1719427
1334305658,16.0748848,108.172555
1334305659,16.0708884,108.2328249
1334305660,16.0762377,108.169376
1334305668,16.0799894,108.1675952
1334305670,16.0734301,108.1698732
1334305672,16.0790566,108.1705813
1334305675,16.0792565,108.1683048
1334305678,16.077909,108.1698349
1334305681,16.0705367,108.1718988
1334305684,16.0712134,108.1708512
1334305689,16.0756112,108.178691
1334305695,16.0803013,108.167305
1334305700,16.0753287,108.171813
1334305707,16.0770962,108.1712284
1334305709,16.075308,108.1686523
1334305720,16.0733119,108.2011407
1334305734,16.0735196,108.1738283
1334305737,16.0721017,108.1695166
1334305741,16.0800145,108.1687927
1334305743,16.0824643,108.2412814
1334305744,16.0797598,108.1669139
1334305753,16.0744877,108.1722631
1334305758,16.0731632,108.2011671
1334305760,16.0745931,108.1706485
1334305762,16.0723016,108.1716284
1334305765,16.0784664,108.2409341
1334305770,16.0763683,108.2070195
1334305774,16.074185,108.1810012
1334305777,16.0707562,108.1715544
1334305778,16.0775317,108.2083712
1334305780,16.073315,108.1799198
1334305788,16.073191,108.1736157
1334305792,16.0795269,108.1672696
1334305793,16.0732069,108.1728305
1334305797,16.0741098,108.1838507
1334305807,16.0745815,108.1675166
1334305815,16.0755012,108.1760087
1334305818,16.0795383,108.1684859
1334305821,16.076705,108.1665481
1334305828,16.0709856,108.1711945
1334305830,16.0728703,108.1734007
1334305836,16.0818021,108.212045
1334305838,16.0743483,108.1717015
1334305843,16.0832614,108.2396627
1334305845,16.07406,108.1714862
1334305853,16.0730865,108.1892317
1334338917,16.053361,108.1851912
1334338919,16.0520344,108.1847295
1334338923,16.0650728,108.1818806
1334338925,16.0492408,108.1844147
1334338927,16.0529711,108.1843253
1334338939,16.0660592,108.1814174
1334338941,16.04949,108.1862575
1334338943,16.0527825,108.1834279
1334338949,16.0650818,108.1792584
1334338957,16.0536647,108.1831054
1334338958,16.0541743,108.1849564
1334338960,16.0517283,108.1862958
1334338969,16.0645882,108.1812244
1334338973,16.0507249,108.1855247
1334338975,16.0646622,108.1789105
1334338976,16.0673704,108.1906701
1334338984,16.0658021,108.1806103
1334338985,16.0512553,108.1849221
1334338986,16.0549236,108.1831498
1334338989,16.063538,108.1798258
1334338991,16.0545418,108.1827839
1334338993,16.0504068,108.186875
1334338995,16.0668651,108.1920311
1334339011,16.0636211,108.1794755
1334339013,16.0537933,108.1838351
1334339017,16.046775,108.1854726
1334339027,16.0523047,108.1819328
1334339035,16.0523653,108.1859242
1334339037,16.0674018,108.1920328
1334339041,16.0530656,108.184268
1334339045,16.0517596,108.1837508
1334339046,16.0510536,108.1865474
1334339055,16.0492873,108.185767
1334339056,16.0638337,108.1802312
1334339057,16.049957,108.1860118
1334339058,16.0493583,108.1848379
1334339059,16.0654834,108.1832336
1334339061,16.0480832,108.1862271
1334339073,16.050656,108.1839281
1334344556,16.0753571,108.1765552
1334344558,16.0752857,108.1776873
1334344582,16.0747501,108.1762105
1334344585,16.0749064,108.1775768
1334344602,16.0711255,108.1986883
1334344603,16.0624941,108.1723376
1334344612,16.0734218,108.1666859
1334344614,16.0589205,108.1755864
1334344624,16.0755861,108.1760613
1334344628,16.0696529,108.1986283
1334344640,16.0643891,108.1750339
1334344641,16.0704196,108.1985243
1334344649,16.047518,108.1762504
1334344651,16.0730945,108.1863887
1334344654,16.0721695,108.1912661
1334344656,16.0493562,108.176655
1334344660,16.0712327,108.1909028
1334344674,16.058376,108.1757919
1334344680,16.074057,108.1819414
1334344681,16.075908,108.1778855
1334349860,16.063921,108.2449603
1334352246,16.0394564,108.2470312
1334352247,16.0231966,108.2471763
1334352251,16.02624,108.2464337
1334352254,16.0297189,108.2455459
1334352255,16.0226455,108.2463094
1334352256,16.0256704,108.2482952
1334352259,16.0196981,108.2488736
1334352261,16.024802,108.2465243
1334352265,16.0278844,108.244406
1334352277,16.0393745,108.2496288
1334352281,16.0386713,108.2463934
1334352283,16.0212996,108.2479103
1334352284,16.03888,108.2482242
1334352287,16.0247034,108.246319
1334352289,16.0390887,108.2472147
1334352291,16.0210031,108.2475254
1334352292,16.0390205,108.2481224
1334352298,16.0279981,108.2451341
1334352299,16.0244811,108.2458678
1334352302,16.0216208,108.2484069
1334352303,16.03788,108.2488224
1334352312,16.0380674,108.24875
1334352317,16.0390565,108.2462001
1334352318,16.0402654,108.2475592
1334352319,16.0308263,108.2442587
1334352320,16.0251095,108.2463434
1334352324,16.0293453,108.2450434
1334352328,16.0278331,108.2456894
1334352330,16.0255052,108.2461739
1334352337,16.0377527,108.2433557
1334352340,16.0295485,108.2449944
1334352341,16.0251544,108.2452257
1334355611,16.0148859,108.2518906
1334355614,16.0223086,108.2480931
1334355616,16.021026,108.2523636
1334355619,16.0084901,108.2581419
1334355621,16.0319826,108.2436877
1334355624,16.0234502,108.2476221
1334355625,16.0227531,108.2514899
1334355627,16.0191313,108.2500435
1334355628,16.0089542,108.2528256
1334355633,16.0310463,108.2446953
1334355634,16.0109118,108.2568939
1334355636,16.0123274,108.2517923
1334355640,16.0114097,108.2529474
1334355647,16.0138801,108.2523729
1334355652,16.0105032,108.252383
1334355653,16.0241107,108.2502997
1334355654,16.0131162,108.2558401
1334355658,16.0075265,108.2586328
1334355662,16.0119071,108.2533352
1334355665,16.0319183,108.2445859
1334355668,16.0109226,108.2532121
1334355675,16.031543,108.2439055
1334355676,16.011873,108.2527073
1334355678,16.0125899,108.2523356
1334355683,16.010539,108.263284
1334355684,16.0323827,108.2440646
1334355686,16.0115308,108.2520512
1334355688,16.010222,108.2541998
1334355690,16.0225537,108.2511007
1334355692,16.0111578,108.2537161
1334355695,16.0128607,108.2528722
1334355700,16.0110275,108.2522074
1334356298,16.0485639,108.2155302
1334356315,16.0481484,108.2095918
1390463691,16.0066902,108.1967339
1390463696,16.0072106,108.1935973
1390463699,16.0053018,108.1982664
1390463701,16.0060986,108.1914985
1390463709,16.0062037,108.1949925
1410502689,16.1220724,108.2194047
1410502719,16.1003149,108.2348453
1410502730,16.1050153,108.2442696
1410502753,16.0972058,108.2314884
1410502759,16.1050869,108.2442464
1410502771,16.0982289,108.2307546
1410502798,16.1058717,108.2465932
1410502821,16.1220473,108.2193298
1410502828,16.0946348,108.2250554
1410502849,16.1064244,108.2534142
1410502855,16.0934628,108.2263524
1410502920,16.0923203,108.2276521
1410502924,16.1070351,108.2521985
1410502957,16.105353,108.2547787
1410502977,16.1219321,108.2193756
1495033308,16.0202176,108.193849
1495033313,16.0214603,108.1989047
1495033314,16.0220193,108.2001947
1533929621,16.0317844,108.2443437
1533987654,16.088803,108.239382
1533987659,16.0900504,108.2379984
1538331426,16.097728,108.2692557
1538332601,16.1137818,108.2462907
1538332624,16.1138125,108.2428826
1538332830,16.1148583,108.3073352
1538333513,16.11664,108.3107985
1538334078,16.118426,108.2742092
1538336120,16.1291345,108.2746104
1601639391,16.0739811,108.22076
1601639399,16.074306,108.2236747
1612890246,16.0571303,108.2357759
1616276758,16.0557945,108.2333636
1616276760,16.0603373,108.2135954
1616376904,16.0347086,108.1784922
1616376922,16.0352066,108.1806385
1626440195,16.0896274,108.2487005
1626440198,16.1067991,108.2612298
1626440204,16.1055794,108.2602126
1626440210,16.0910628,108.2470494
1626440213,16.0931958,108.2447478
1626440218,16.0916957,108.2479566
1626440219,16.1001746,108.2505027
1626440221,16.0932774,108.2447366
1626440224,16.0978442,108.2489743
1626440226,16.093311,108.2486687
1626440228,16.100208,108.2488518
1626440232,16.0923181,108.2463922
1626440234,16.0961209,108.2473883
1626440236,16.0953414,108.245778
1626440238,16.0937502,108.2449234
1626440240,16.1083839,108.2580475
1626440244,16.099651,108.2481746
1626440247,16.093946,108.247143
1626440248,16.1062095,108.2599246
1626440249,16.0943455,108.2453244
1626440251,16.1068995,108.257046
1626440254,16.0923244,108.2497176
1626440257,16.1006919,108.2495164
1626440259,16.093546,108.2448609
1626440260,16.0910998,108.2460753
1626440261,16.0943991,108.2451989
1626440262,16.0919323,108.2505695
1626440264,16.0921018,108.2481434
1626440266,16.0919667,108.2441967
1626440267,16.099874,108.25035
1626440268,16.0945808,108.2452666
1626440269,16.0922859,108.2434708
1626440271,16.0923339,108.2443532
1626440273,16.0950968,108.2469875
1626440292,16.1032781,108.2619443
1626440293,16.1000637,108.2492198
1626440297,16.0966562,108.2480562
1626440298,16.0986101,108.2494739
1626440309,16.1043558,108.2572613
1626440310,16.0927501,108.2454651
1626440311,16.0940022,108.245957
1626440312,16.1003957,108.249374
1626440313,16.0979894,108.2478731
1626440315,16.0993503,108.2489023
1626440316,16.1056274,108.2585703
1626440317,16.1009966,108.2510362
1626440318,16.0931607,108.2456262
1626440321,16.0927329,108.2466034
1626440322,16.0945423,108.2444615
1626440323,16.0937815,108.2463981
1626440327,16.0913495,108.2454042
1626440329,16.0912821,108.2477703
1626440331,16.1032107,108.2607044
1626440340,16.0958836,108.2450602
1626440342,16.1073933,108.2608924
1626440344,16.0981673,108.2475125
1626440345,16.0909472,108.2451907
1626440359,16.0919358,108.2452316
1626440360,16.0886996,108.2484618
1626440361,16.0978294,108.2482403
1626440364,16.0959613,108.2457919
1626440365,16.1083464,108.2604026
1626440366,16.1017158,108.2515577
1626440372,16.0920399,108.2500115
1626440375,16.0912421,108.2445524
1626440377,16.0919046,108.2462253
1626440379,16.0898527,108.247894
1626440382,16.0893319,108.2458083
1626440389,16.0912069,108.2451704
1626440390,16.0995519,108.2501818
1626440392,16.0955191,108.2455724
1626440397,16.1075109,108.2584405
1626440416,16.0995006,108.2485276
1626440418,16.0890321,108.2476035
1626440419,16.0895759,108.2489285
1626440420,16.1049287,108.2569906
1626440424,16.1013533,108.2512762
1626440427,16.1062221,108.2616632
1626440429,16.105002,108.2588391
1626463784,16.0844073,108.2373734
1626463785,16.0845547,108.2422836
1626463789,16.0844301,108.2425997
1626463796,16.0867207,108.2346106
1626463797,16.0822698,108.2436283
1626463798,16.0764805,108.2435214
1626463799,16.0890894,108.2297082
1626463800,16.0841291,108.2300318
1626463807,16.0801271,108.2457509
1626463810,16.0810871,108.2304159
1626463813,16.0861283,108.2307221
1626463820,16.0830437,108.2439257
1626463823,16.0849301,108.241492
1626463824,16.1048994,108.2424946
1626463828,16.0824164,108.2456351
1626463830,16.0853502,108.2403762
1626463832,16.0894688,108.2297165
1626463833,16.0787595,108.2304169
1626463838,16.0750142,108.2422783
1626463842,16.07992,108.230432
1626463844,16.0820065,108.2295596
1626463849,16.0755706,108.244324
1626463861,16.0829106,108.2472923
1626463862,16.0827929,108.2446753
1626463864,16.0832215,108.2459715
1626463874,16.0816461,108.2453663
1626463889,16.0813191,108.246231
1626463893,16.0847246,108.2445758
1626463894,16.0818895,108.2446732
1626463896,16.0845809,108.2413243
1626463899,16.0805561,108.2459341
1626463904,16.0868269,108.2347096
1626463905,16.0858423,108.2357897
1626463907,16.0839554,108.2419945
1626463910,16.0842015,108.2434995
1626463914,16.0765016,108.2442914
1626463915,16.0869521,108.2459468
1626463917,16.0824523,108.2431308
1626463919,16.0749999,108.2410296
1626463920,16.0853186,108.2428259
1626463929,16.0785917,108.2389131
1626463932,16.0849379,108.230705
1626463938,16.0842111,108.2398397
1626463941,16.0825756,108.2452218
1626463942,16.0822537,108.2449329
1626463946,16.0859408,108.230031
1626463947,16.0849244,108.2300351
1626463951,16.0830396,108.2415576
1626463954,16.0839442,108.2378856
1626463955,16.0836054,108.239601
1663656991,16.0837476,108.2379158
1663656992,16.0838336,108.2380018
1663656993,16.1037935,108.2558311
1663656995,16.1049492,108.262497
1726781887,16.0276824,108.2378258
1726781891,16.0282345,108.2375205
1726781913,16.0330888,108.238258
1726781945,16.0504221,108.2088305
1726781951,16.0505612,108.2094931
1726781969,16.0507866,108.2092999
1726781971,16.0724983,108.1918488
1726781974,16.0726252,108.1918644
1726781988,16.0792186,108.170685
1726781990,16.0801654,108.168894
1749426680,16.0149254,108.2075463
1749427264,16.0173635,108.2105918
1749427274,16.0186269,108.209722
1752438977,16.0172684,108.1949937
1752438978,16.017331,108.1959953
1752438980,16.0177368,108.1973802
1752438981,16.0173868,108.1964852
1752440125,16.0191249,108.1948938
1752446768,16.0192422,108.1967069
1758586665,16.0020856,108.2663127
1758586671,16.0023321,108.2624065
1758586672,16.0022753,108.2670918
1758586676,16.0026886,108.2624484
1759733776,16.0441184,108.247582
1759733813,16.0494222,108.2457773
1759733840,16.068911,108.2451267
1759733843,16.0689197,108.2453823
1759733846,16.0717236,108.2452752
1759733864,16.0812311,108.2393268
1759733865,16.0813361,108.2387887
1759733929,16.1027634,108.2564874
1759733932,16.1028602,108.2566616
1759733935,16.1058809,108.2619128
1759885224,15.9884639,108.2571354
1759885243,16.002668,108.2595171
1759885252,16.0059994,108.2591512
1759885259,16.0079607,108.2582052
1759885274,16.0097482,108.2572853
1759885278,16.0108359,108.2567304
1759885280,16.0121167,108.2537825
1759885282,16.0122979,108.2560034
1759885283,16.012363,108.2543109
1759885285,16.0126209,108.2548434
1759885287,16.0128619,108.2516417
1759885289,16.013037,108.2556715
1759885290,16.013334,108.2526425
1759885292,16.0135463,108.2530968
1759885294,16.0137959,108.2536268
1759885297,16.0140454,108.2541563
1759885300,16.014439,108.2550027
1759885302,16.0147685,108.2519483
1759885304,16.0150322,108.2547066
1759885306,16.0153728,108.2532173
1759885317,16.0154713,108.2531694
1759885344,16.0157512,108.2540354
1759885352,16.015862,108.2539979
1759885370,16.0163157,108.2540607
1759885372,16.0162438,108.2546629
1759885399,16.0183115,108.2594699
1759885415,16.0191142,108.2526572
1759885418,16.0191997,108.2528476
1759885423,16.0203617,108.2520076
1759885432,16.0245898,108.249841
1759885434,16.0260616,108.2491077
1759885437,16.0306029,108.2468302
1759885439,16.0317739,108.2462032
1759885441,16.0318704,108.2463876
1759885443,16.0332057,108.2454615
1759885445,16.0350266,108.2445488
1759885447,16.0350995,108.2447113
1759885448,16.0376231,108.2431907
1759885458,16.0384412,108.2437047
1759885460,16.0385543,108.2435129
1759885465,16.0395098,108.2459551
1759885468,16.0399177,108.2468045
1759885475,16.0409156,108.24892
1759885533,16.0562006,108.2460856
1759885583,16.0617861,108.2358465
1759885584,16.0622344,108.238563
1759885586,16.0627823,108.2410708
1759885587,16.063003,108.2418389
1759885635,16.0652756,108.2432593
1759885637,16.0653257,108.2445243
1759885652,16.0688687,108.244153
1759885774,16.0799928,108.2461372
1759885776,16.0817083,108.2469341
1759885779,16.0827586,108.2472583
1759885790,16.0902376,108.240099
1759885793,16.0908277,108.2407022
1759885796,16.0911274,108.2391273
1896160839,16.061661,108.2351261
1914688151,16.1185577,108.224636
2092582370,16.0029297,108.264612
2093848447,16.0311798,108.2238228
2093859468,16.0519501,108.2222373
2093859477,16.0554905,108.2222507
2093859479,16.0564148,108.2222764
2093859487,16.0577529,108.2225956
2141531585,16.1037378,108.2453465
2141531711,16.1029491,108.2473584
2147641883,16.1040659,108.2465993
2147641884,16.1054707,108.2461394
2147654925,16.1027888,108.2467649
2147654926,16.1040098,108.2464064
2193961561,16.1042651,108.2426822
2193961562,16.1040472,108.2470179
2193961563,16.1038755,108.2458862
2193961565,16.1026468,108.2462522
2193961567,16.1025019,108.2457095
2236985087,16.0585643,108.1738614
2236993358,16.0594941,108.1753417
2237226012,16.0592461,108.1796533
2237226038,16.0394293,108.1862134
2237261590,16.0207435,108.193952
2237261604,16.019103,108.1939204
2237261609,16.0463352,108.1840691
2237261620,16.0532667,108.1818134
2237261633,16.05679,108.1805746
2237261643,16.0523567,108.1821087
2237261646,16.0157831,108.1931642
2237261652,16.0203894,108.1940014
2237261662,16.0098383,108.1930105
2237261669,16.0369386,108.1871854
2237261673,16.0280752,108.1901925
2237261677,16.0060663,108.1916005
2237261680,16.0394885,108.1863894
2237261683,16.0127355,108.1929625
2237261686,16.0489021,108.1831947
2237264664,16.0549612,108.1812348
2237264669,16.0549031,108.1810708
2237271273,16.0508439,108.1826021
2237271275,16.0507985,108.1824491
2237271276,16.0496477,108.1829564
2237271277,16.0496089,108.1828205
2237273352,16.0465438,108.1839973
2237273353,16.0464973,108.1838568
2237276470,16.0279976,108.1900386
2237276472,16.0445041,108.1847317
2237276474,16.0413262,108.1857852
2237276476,16.0412653,108.1855961
2237276478,16.0444462,108.1845552
2237295629,16.0076145,108.19247
2237328222,15.9809967,108.2092796
2237328236,15.9809694,108.2087206
2576245968,15.9780918,108.2695452
2576245976,15.9788198,108.2718636
2576245977,15.9788606,108.2695604
2576245978,15.9788636,108.2689747
2576245979,15.9791347,108.2700957
2576245980,15.9793763,108.2715235
2576245982,15.9794227,108.2695439
2576245983,15.9795804,108.2733334
2576245985,15.9797819,108.2713244
2576245986,15.9798202,108.2737968
2576245987,15.9798894,108.2694521
2576245988,15.9800839,108.2743063
2576245989,15.9800742,108.2686771
2576245990,15.980158,108.2730014
2576245991,15.980201,108.2710964
2576245992,15.9803615,108.2748427
2576245993,15.9803455,108.2691988
2576245994,15.980533,108.2727868
2576245995,15.9806195,108.2753414
2576245996,15.9806221,108.2708579
2576245999,15.9809897,108.268175
2576246001,15.9810759,108.272468
2576246003,15.9810787,108.2706134
2576246004,15.9812478,108.2687076
2576246006,15.9813321,108.2729616
2576246008,15.981366,108.2710571
2576246010,15.9815921,108.2734626
2576246012,15.9816077,108.2721556
2576246013,15.9818806,108.2740186
2576246014,15.9819775,108.2701163
2576246016,15.9819908,108.267623
2576246017,15.9820705,108.2718873
2576246018,15.9821447,108.2745274
2576246020,15.9822209,108.2705949
2576246021,15.9822642,108.2681487
2576246022,15.9824034,108.2722725
2576246023,15.982403,108.2750251
2576246025,15.9827577,108.2726844
2576246026,15.9827913,108.2712541
2576246027,15.9829941,108.2695526
2576246028,15.9831288,108.2731208
2576246029,15.9832387,108.2700229
2576246030,15.9834678,108.2737731
2576246031,15.9835348,108.2705924
2576246032,15.9837371,108.2742888
2576246033,15.9838328,108.266621
2576246035,15.9837786,108.2710612
2576246036,15.9840401,108.2715641
2576246037,15.9841849,108.2695065
2576246038,15.9843108,108.2720849
2576246039,15.984322,108.2664454
2576246041,15.9845769,108.2725965
2576246043,15.9848058,108.2730367
2576246045,15.9848259,108.2685352
2576246048,15.9849121,108.2709158
2576246049,15.9850731,108.2735508
2576246050,15.9852979,108.2660951
2576246051,15.9851899,108.2714541
2576246054,15.9855155,108.2720853
2576246055,15.9857371,108.2703014
2576246056,15.9857359,108.2725125
2576246057,15.9860058,108.2730356
2576246059,15.9864067,108.2715936
2576246060,15.9869007,108.2725403
2576246061,15.986989,108.2693685
2576246062,15.9877547,108.2708488
2576246063,15.9882426,108.2717919
2623049776,16.0361737,108.1843318
2623049783,16.0395917,108.1706744
2623049801,16.0432052,108.1802634
2623049804,16.0435505,108.1816563
2623049805,16.0438199,108.1740405
2623049808,16.0435067,108.1775449
2623049810,16.0439709,108.1789834
2623049811,16.0440402,108.1828131
2623049817,16.0444945,108.1836186
2623049819,16.0447465,108.1812022
2623049821,16.044863,108.1819062
2623049825,16.0448449,108.1729411
2623049837,16.0475794,108.1816134
2623049963,16.0720878,108.2249636
2623083086,16.0500268,108.2217267
2623083087,16.0501552,108.2206474
2623083088,16.0502754,108.2216973
2623083089,16.0506432,108.2216545
2623083091,16.0561731,108.2074463
2623083092,16.0563659,108.2072332
2623083093,16.0563019,108.2076611
2623083097,16.0565778,108.2075615
2623083098,16.0609739,108.2239574
2634712356,16.0257978,108.2222659
2634712361,16.0274606,108.2239407
2634712367,16.0284834,108.2246592
2634712368,16.028263,108.2248596
2634883819,16.0323274,108.2232767
2634883822,16.0321495,108.2232714
2634883824,16.0317225,108.2227989
2634883845,16.0313397,108.2227838
2634883862,16.0282122,108.2220455
2634883864,16.0281768,108.2208191
2634883865,16.0302192,108.2208389
2634883866,16.030965,108.220734
2634883868,16.0317718,108.2207903
2634883869,16.0309449,108.2203884
2634883934,16.0308302,108.2227558
2634883935,16.0308293,108.2222448
2634883936,16.0306179,108.2222608
2702262156,16.0880215,108.215802
2702262157,16.0883921,108.2162174
2702262158,16.0887249,108.2162038
2702262159,16.087319,108.2168342
2702262161,16.0880441,108.2162247
2702262163,16.0896006,108.2192024
2702262164,16.0876571,108.2201881
2702262166,16.0903294,108.2188297
2702262167,16.0871331,108.219754
2702262170,16.0890947,108.2161874
2702262173,16.0899277,108.2190285
2702262175,16.0898225,108.2164763
2702271507,16.087706,108.2169883
2702271508,16.0877748,108.2190799
2702271509,16.08771,108.2176331
2702271524,16.0865817,108.2199601
2702271526,16.0866723,108.2216014
2776488553,16.0868602,108.2397439
2776491743,16.0892801,108.2371561
2776491744,16.0886461,108.2378472
2776491745,16.0882758,108.237478
2776491746,16.0888005,108.2386908
2776491747,16.0896948,108.2383726
2776491748,16.0889308,108.2375393
2776491749,16.0891372,108.2383242
2776491751,16.0893916,108.238054
2776491919,16.0903096,108.2382823
2776491920,16.0894066,108.239279
2988146945,16.0606903,108.2171196
2988146960,16.0611012,108.2231488
2988146967,16.0611284,108.224002
2988146972,16.0609711,108.2238027
2988146975,16.0607868,108.2182946
2988146980,16.0608582,108.2195224
2988146981,16.0609547,108.2231424
2988729556,16.0504342,108.2333052
2988729563,16.0588599,108.2418409
2988891906,16.0765143,108.2233847
2988896733,16.0765803,108.2241229
2990909245,16.0596602,108.2237181
2990909264,16.0609791,108.224258
2990909265,16.0610364,108.2217784
2990909281,16.0615006,108.2336667
2990909282,16.0615022,108.2351709
2990909286,16.0616263,108.2358894
2990909293,16.062065,108.2385378
2990909303,16.0622814,108.2398264
2990909309,16.0623602,108.2402023
2990909310,16.0624416,108.2397831
2990909317,16.0625306,108.2401666
2990909327,16.0626039,108.2399271
2990909330,16.063755,108.2450107
2990909947,16.0640717,108.2453534
2990909948,16.0641043,108.2453639
2990909954,16.0642207,108.2456442
2990909968,16.0877874,108.2472249
2990909969,16.0878564,108.2467082
2990909970,16.0879281,108.2461418
2990909971,16.0880767,108.2449343
2990909972,16.0881856,108.2439341
2990955342,16.0496878,108.2237899
2990955406,16.0532806,108.2367271
2990955417,16.0533684,108.236915
2990964248,16.0524236,108.2336873
2990964250,16.0526821,108.2361117
2990964253,16.0529563,108.2356218
2990964257,16.0533026,108.2335805
2990964258,16.0535282,108.2374071
2990964267,16.0539542,108.2336659
2990964268,16.0540377,108.234326
2990964269,16.054187,108.2354428
2990964271,16.0544267,108.2327035
2990964273,16.0546387,108.2342599
2990964274,16.0549401,108.236285
2991010962,16.0506062,108.2047567
2991010968,16.0507171,108.2047482
2991010975,16.0507924,108.2090398
2991010990,16.0509647,108.2085559
2991011032,16.0544256,108.2030832
2991011633,16.0544351,108.2032446
2991011652,16.0556863,108.2037849
2991011671,16.0577773,108.2036978
2991011673,16.0578288,108.2037799
2991011674,16.0578372,108.2035341
2991011680,16.0578617,108.2038002
2991011688,16.0580416,108.203577
2991011690,16.0580588,108.203615
2991011692,16.0580607,108.2036982
2991011698,16.0585706,108.2054324
2991011700,16.0584798,108.2055371
2991011701,16.0586536,108.2061524
2991011702,16.0586127,108.2060261
2991011705,16.058638,108.2056277
2991011708,16.0587563,108.2059725
2991182619,16.0324454,108.2082731
2991182623,16.0327056,108.2077924
2991183760,16.0392823,108.2107271
2991183768,16.0393262,108.2107796
2991183773,16.0396983,108.2103625
2991183775,16.0397199,108.2107619
2991183793,16.0401926,108.2155474
2991183795,16.0402064,108.2177953
2991183800,16.0402287,108.2177127
2991183802,16.0402411,108.2178815
2991183818,16.0404358,108.2176915
2991183820,16.0404691,108.2198798
2991183824,16.0404576,108.2178551
2991183825,16.0404761,108.2177856
2991183829,16.0407032,108.2105466
2991183831,16.0407704,108.2209371
2991183833,16.0408499,108.2217867
2991183839,16.0420407,108.2102221
2991183840,16.042057,108.2103516
2991183841,16.0423409,108.2231117
2991183845,16.0444566,108.2172489
2991183849,16.0454875,108.2097757
2991183856,16.0482339,108.2128286
2991183860,16.0482604,108.209447
2991183862,16.0483351,108.2129452
2991183870,16.0486664,108.2133348
2991183882,16.0495515,108.2088263
2991183883,16.0497737,108.2088324
2991183884,16.0496987,108.2093622
2991183887,16.0496446,108.2092529
2991183899,16.0501644,108.2091273
2991183905,16.0507568,108.2093553
2991183908,16.0512279,108.2096382
2991183915,16.0525802,108.2088933
2991183950,16.056593,108.2073877
2991183961,16.0583489,108.2061384
2991183993,16.0654606,108.2025945
2991816745,16.0406647,108.2198568
2991816747,16.0411411,108.218479
2991816748,16.0413977,108.2184312
2991816757,16.0429272,108.2174941
2991816758,16.0429543,108.219354
2991816759,16.0430018,108.2181822
2991816763,16.0435243,108.2180886
2991816764,16.0440387,108.2200606
2991816766,16.0441311,108.2173184
2991816771,16.0444383,108.220011
2991816816,16.0587976,108.2060965
2991816818,16.0589407,108.2065476
2991816819,16.0591591,108.2075054
2991816820,16.0592552,108.2074689
2991816821,16.0593697,108.2081273
